-- phpMyAdmin SQL Dump
-- version 5.0.4
-- https://www.phpmyadmin.net/
--
-- Host: localhost
-- Generation Time: Dec 12, 2020 at 01:52 PM
-- Server version: 10.4.16-MariaDB
-- PHP Version: 7.4.12

SET SQL_MODE = "NO_AUTO_VALUE_ON_ZERO";
START TRANSACTION;
SET time_zone = "+00:00";


/*!40101 SET @OLD_CHARACTER_SET_CLIENT=@@CHARACTER_SET_CLIENT */;
/*!40101 SET @OLD_CHARACTER_SET_RESULTS=@@CHARACTER_SET_RESULTS */;
/*!40101 SET @OLD_COLLATION_CONNECTION=@@COLLATION_CONNECTION */;
/*!40101 SET NAMES utf8mb4 */;

--
-- Database: `db_ppa_febui`
--

-- --------------------------------------------------------

--
-- Table structure for table `akademik_konsentrasi`
--

CREATE TABLE `akademik_konsentrasi` (
  `konsentrasi_id` int(11) NOT NULL,
  `nama_konsentrasi` varchar(100) NOT NULL,
  `prodi_id` int(11) NOT NULL,
  `gedung_id` int(11) NOT NULL,
  `waktu_id` int(11) NOT NULL,
  `tglmulai` date NOT NULL,
  `tglakhir` date NOT NULL
) ENGINE=InnoDB DEFAULT CHARSET=latin1 ROW_FORMAT=COMPACT;

--
-- Dumping data for table `akademik_konsentrasi`
--

INSERT INTO `akademik_konsentrasi` (`konsentrasi_id`, `nama_konsentrasi`, `prodi_id`, `gedung_id`, `waktu_id`, `tglmulai`, `tglakhir`) VALUES
(1, 'IFQ1', 6, 2, 1, '2016-02-02', '2016-03-12'),
(3, 'FIMOD1', 2, 2, 1, '2016-01-23', '2016-02-13'),
(4, 'AK1', 7, 2, 2, '2016-02-03', '2016-05-04'),
(5, 'KK&C1', 3, 2, 1, '2016-04-01', '2016-09-30'),
(6, 'AK2', 7, 2, 1, '2016-02-06', '2016-01-18'),
(7, 'BVAB1', 15, 2, 3, '2016-01-28', '2016-01-28'),
(8, 'CFP1', 8, 2, 1, '2016-02-13', '2016-04-16'),
(9, 'AK3', 7, 3, 1, '2016-02-06', '2016-06-18'),
(10, 'PI1', 4, 2, 1, '2016-04-09', '2016-08-06'),
(11, 'CPA1', 9, 2, 1, '2016-08-06', '2016-11-19'),
(12, 'CPSAK1', 14, 2, 1, '2016-02-20', '2016-05-28'),
(13, 'EI1', 13, 2, 1, '2016-04-30', '2016-07-30'),
(14, 'ACCA1', 12, 2, 1, '2016-02-27', '2016-05-21'),
(15, 'CFA1', 5, 2, 1, '2016-02-13', '2016-05-28'),
(16, 'CIA1', 10, 2, 1, '2016-01-30', '2016-06-11'),
(17, 'CPMA1', 11, 2, 1, '2016-02-20', '2016-04-30'),
(18, 'BVC1', 17, 3, 1, '2016-03-12', '2016-06-11'),
(19, 'AKL1', 18, 3, 1, '2016-04-30', '2016-08-06'),
(20, 'TP1', 21, 2, 1, '2016-02-06', '2016-03-12'),
(21, 'FIMOD2', 2, 2, 1, '2016-05-07', '2016-05-28'),
(22, 'FIMOD3', 2, 2, 1, '2016-09-03', '2016-09-24'),
(23, 'AB1', 19, 3, 1, '2016-01-28', '2016-01-30'),
(24, 'AM1', 20, 3, 1, '2016-04-01', '2016-04-30'),
(25, 'MO1', 22, 2, 1, '2016-04-01', '2016-04-30'),
(26, 'BVAB2', 15, 2, 1, '2016-04-01', '2016-04-30');

-- --------------------------------------------------------

--
-- Table structure for table `akademik_krs`
--

CREATE TABLE `akademik_krs` (
  `krs_id` int(11) NOT NULL,
  `nim` varchar(10) NOT NULL,
  `jadwal_id` int(11) NOT NULL,
  `semester` int(11) NOT NULL COMMENT 'semester mahasiswa waktu pengambilan krs'
) ENGINE=InnoDB DEFAULT CHARSET=latin1 ROW_FORMAT=COMPACT;

--
-- Dumping data for table `akademik_krs`
--

INSERT INTO `akademik_krs` (`krs_id`, `nim`, `jadwal_id`, `semester`) VALUES
(7, 'ti102134', 7, 2),
(8, 'ti102134', 8, 2),
(9, 'ti102134', 9, 2),
(10, 'ti102134', 10, 2),
(11, 'ti102134', 11, 2),
(12, 'ti102134', 12, 2),
(13, 'KA131002', 7, 2),
(14, 'KA131002', 8, 2),
(15, 'KA131002', 9, 2),
(16, 'KA131002', 10, 2),
(17, 'KA131002', 11, 2),
(18, 'KA131002', 12, 2),
(21, 'KA131003', 7, 2),
(22, 'KA131003', 8, 2),
(23, 'KA131003', 9, 2),
(24, 'KA131003', 10, 2),
(25, 'KA131003', 11, 2),
(26, 'KA131003', 12, 2),
(27, 'KA131004', 7, 2),
(28, 'KA131004', 8, 2),
(29, 'KA131004', 9, 2),
(30, 'KA131004', 10, 2),
(31, 'KA131004', 11, 2),
(32, 'KA131004', 12, 2),
(33, 'KA131005', 7, 2),
(34, 'KA131005', 8, 2),
(35, 'KA131005', 9, 2),
(36, 'KA131005', 10, 2),
(37, 'KA131005', 11, 2),
(38, 'KA131005', 12, 2),
(39, 'KA131006', 7, 2),
(40, 'KA131006', 8, 2),
(41, 'KA131006', 9, 2),
(42, 'KA131006', 10, 2),
(43, 'KA131006', 11, 2),
(44, 'KA131006', 12, 2),
(45, 'KA131007', 7, 2),
(46, 'KA131007', 8, 2),
(47, 'KA131007', 9, 2),
(48, 'KA131007', 10, 2),
(49, 'KA131007', 11, 2),
(50, 'KA131007', 12, 2),
(51, 'KA131008', 7, 2),
(52, 'KA131008', 8, 2),
(53, 'KA131008', 9, 2),
(54, 'KA131008', 10, 2),
(55, 'KA131008', 11, 2),
(56, 'KA131008', 12, 2),
(57, 'KA131010', 7, 2),
(58, 'KA131010', 8, 2),
(59, 'KA131010', 9, 2),
(60, 'KA131010', 10, 2),
(61, 'KA131010', 11, 2),
(62, 'KA131010', 12, 2),
(63, 'KA131009', 7, 2),
(64, 'KA131009', 8, 2),
(65, 'KA131009', 9, 2),
(66, 'KA131009', 10, 2),
(67, 'KA131009', 11, 2),
(68, 'KA131009', 12, 2),
(69, 'KA131011', 7, 2),
(70, 'KA131011', 8, 2),
(71, 'KA131011', 9, 2),
(72, 'KA131011', 10, 2),
(73, 'KA131011', 11, 2),
(74, 'KA131011', 12, 2),
(75, 'KA131012', 7, 2),
(76, 'KA131012', 8, 2),
(77, 'KA131012', 9, 2),
(78, 'KA131012', 10, 2),
(79, 'KA131012', 11, 2),
(80, 'KA131012', 12, 2),
(81, 'KA131003', 13, 3),
(82, 'KA131003', 14, 3),
(83, 'KA131003', 15, 3),
(84, 'KA131003', 16, 3),
(85, 'KA131003', 17, 3),
(86, 'KA131003', 18, 3),
(87, 'KA131003', 19, 4),
(88, 'KA131003', 20, 4),
(89, 'KA131003', 21, 4),
(90, 'KA131003', 22, 4),
(91, 'KA131003', 23, 4),
(92, 'KA131003', 24, 4),
(93, 'KA131003', 25, 5),
(94, 'KA131003', 26, 5),
(95, 'KA131003', 27, 5),
(96, 'KA131003', 28, 5),
(97, 'KA131003', 29, 5),
(98, 'KA131003', 30, 5),
(100, 'ti102134', 86, 3),
(102, 'ti102134', 88, 3),
(103, 'ti102134', 89, 3),
(104, 'ti102134', 90, 3),
(105, 'KA131002', 85, 3),
(106, 'KA131002', 86, 3),
(107, 'KA131002', 87, 3),
(108, 'KA131002', 88, 3),
(109, 'KA131002', 89, 3),
(110, 'KA131002', 90, 3),
(111, 'KA131003', 103, 6),
(112, 'KA131003', 104, 6),
(113, 'KA131003', 105, 6),
(114, 'KA131003', 106, 6),
(115, 'KA131003', 107, 6),
(116, 'KA131003', 108, 6),
(117, 'KA131004', 85, 3),
(118, 'KA131004', 86, 3),
(119, 'KA131004', 87, 3),
(120, 'KA131004', 88, 3),
(121, 'KA131004', 89, 3),
(122, 'KA131004', 90, 3),
(123, 'ti102134', 76, 3),
(124, 'KA131005', 85, 3),
(125, 'KA131005', 86, 3),
(126, 'KA131005', 87, 3),
(127, 'KA131005', 88, 3),
(128, 'KA131005', 89, 3),
(129, 'KA131005', 90, 3),
(130, 'ti102134', 75, 3),
(131, 'KA131006', 85, 3),
(132, 'KA131006', 86, 3),
(133, 'KA131006', 87, 3),
(134, 'KA131006', 88, 3),
(135, 'KA131006', 89, 3),
(136, 'KA131006', 90, 3),
(137, 'ti102134', 91, 4),
(138, 'ti102134', 92, 4),
(139, 'ti102134', 93, 4),
(140, 'ti102134', 94, 4),
(141, 'ti102134', 95, 4),
(142, 'ti102134', 96, 4),
(143, 'KA131006', 91, 4),
(144, 'KA131006', 92, 4),
(145, 'KA131006', 93, 4),
(146, 'KA131006', 94, 4),
(147, 'KA131006', 95, 4),
(148, 'KA131006', 96, 4),
(149, 'ti102134', 97, 5),
(150, 'ti102134', 98, 5),
(151, 'ti102134', 99, 5),
(152, 'ti102134', 100, 5),
(153, 'ti102134', 101, 5),
(154, 'ti102134', 102, 5),
(155, 'KA131002', 91, 4),
(156, 'KA131002', 92, 4),
(157, 'KA131002', 93, 4),
(158, 'KA131002', 94, 4),
(159, 'KA131002', 95, 4),
(160, 'KA131002', 96, 4),
(161, 'ti102134', 79, 5);

-- --------------------------------------------------------

--
-- Table structure for table `akademik_prodi`
--

CREATE TABLE `akademik_prodi` (
  `prodi_id` int(11) NOT NULL,
  `nama_prodi` varchar(100) NOT NULL,
  `prodi` varchar(70) NOT NULL,
  `status` int(11) NOT NULL COMMENT '1=aktif ,2=g aktif'
) ENGINE=InnoDB DEFAULT CHARSET=latin1 ROW_FORMAT=COMPACT;

--
-- Dumping data for table `akademik_prodi`
--

INSERT INTO `akademik_prodi` (`prodi_id`, `nama_prodi`, `prodi`, `status`) VALUES
(2, 'Basic Financial Modeling', 'FIMOD', 2),
(3, 'Keahlian Kepabeanan & Cukai', 'KKC', 2),
(4, 'Perpajakan Internasional', 'PI', 2),
(5, 'Chartered Financial Analyst Level 1', 'CFA', 2),
(6, 'Islamic Finance Qualification', 'IFQ', 2),
(7, 'Akuntansi Keuangan', 'AK', 2),
(8, 'Certified Financial Planner', 'CFP', 2),
(9, 'Certified Public Accountant', 'CPA', 2),
(10, 'Certified Internal Auditor', 'CIA', 2),
(11, 'Certified Professional Management Accountant', 'CPMA', 2),
(12, 'Association of Chartered Certified Accountants', 'ACCA', 2),
(13, 'Ekspor Impor Level 1', 'EI', 2),
(14, 'Certified PSAK', 'CPSAK', 2),
(15, 'Brevet A & B + e-SPT', 'BVAB', 2),
(17, 'Brevet C', 'BVC', 2),
(18, 'Akuntansi Keuangan Lanjutan', 'AKL', 2),
(19, 'Akuntansi Biaya', 'AKBI', 2),
(20, 'Akuntansi Manajemen', 'AKMEN', 2),
(21, 'Transfer Pricing', 'TP', 2),
(22, 'Aplikasi Terapan Microsoft Office', 'MO', 2);

-- --------------------------------------------------------

--
-- Table structure for table `akademik_registrasi`
--

CREATE TABLE `akademik_registrasi` (
  `registrasi_id` int(11) NOT NULL,
  `nim` varchar(10) NOT NULL,
  `tanggal_registrasi` datetime NOT NULL,
  `tahun_akademik_id` int(11) NOT NULL,
  `semester` int(11) NOT NULL
) ENGINE=InnoDB DEFAULT CHARSET=latin1 ROW_FORMAT=COMPACT;

--
-- Dumping data for table `akademik_registrasi`
--

INSERT INTO `akademik_registrasi` (`registrasi_id`, `nim`, `tanggal_registrasi`, `tahun_akademik_id`, `semester`) VALUES
(18, 'KA131002', '2014-07-21 08:12:15', 1, 3),
(19, 'KA131003', '2014-07-21 08:12:16', 1, 6),
(20, 'KA131004', '2014-07-21 11:51:59', 1, 3),
(21, 'KA131005', '2014-09-05 17:01:43', 1, 3),
(23, 'KA131006', '2014-09-08 16:33:35', 1, 4),
(25, 'KA131002', '2014-09-08 17:12:59', 6, 4);

-- --------------------------------------------------------

--
-- Table structure for table `akademik_tahun_akademik`
--

CREATE TABLE `akademik_tahun_akademik` (
  `tahun_akademik_id` int(11) NOT NULL,
  `keterangan` varchar(15) NOT NULL,
  `batas_registrasi` date NOT NULL,
  `status` enum('n','y') NOT NULL,
  `tahun` int(11) NOT NULL
) ENGINE=InnoDB DEFAULT CHARSET=latin1 ROW_FORMAT=COMPACT;

--
-- Dumping data for table `akademik_tahun_akademik`
--

INSERT INTO `akademik_tahun_akademik` (`tahun_akademik_id`, `keterangan`, `batas_registrasi`, `status`, `tahun`) VALUES
(1, '2014_1', '2014-02-28', 'y', 2014),
(6, '2014_2', '2014-08-30', 'y', 2014);

-- --------------------------------------------------------

--
-- Table structure for table `akademik_waktu_kuliah`
--

CREATE TABLE `akademik_waktu_kuliah` (
  `waktu_id` int(11) NOT NULL,
  `keterangan` varchar(20) NOT NULL
) ENGINE=InnoDB DEFAULT CHARSET=latin1 ROW_FORMAT=COMPACT;

-- --------------------------------------------------------

--
-- Table structure for table `app_agama`
--

CREATE TABLE `app_agama` (
  `agama_id` int(11) NOT NULL,
  `keterangan` varchar(15) COLLATE utf8_bin DEFAULT NULL
) ENGINE=MyISAM DEFAULT CHARSET=utf8 COLLATE=utf8_bin ROW_FORMAT=DYNAMIC;

--
-- Dumping data for table `app_agama`
--

INSERT INTO `app_agama` (`agama_id`, `keterangan`) VALUES
(1, 'Islam'),
(2, 'Kristen'),
(3, 'Katolik'),
(4, 'Budha'),
(5, 'Hindu');

-- --------------------------------------------------------

--
-- Table structure for table `app_dosen`
--

CREATE TABLE `app_dosen` (
  `dosen_id` int(11) NOT NULL,
  `nama_lengkap` varchar(70) NOT NULL,
  `nip` varchar(22) NOT NULL,
  `tempat_lahir` varchar(30) NOT NULL,
  `tanggal_lahir` date NOT NULL,
  `gender` enum('1','2') NOT NULL,
  `agama_id` int(1) NOT NULL,
  `status_kawin` int(1) NOT NULL COMMENT '1=kawin ,2=belum kawin',
  `jenjang` varchar(3) NOT NULL,
  `gelar_pendidikan` varchar(10) NOT NULL,
  `alamat` text NOT NULL,
  `hp` varchar(12) NOT NULL,
  `email` varchar(40) NOT NULL,
  `pelatihan` varchar(255) NOT NULL
) ENGINE=InnoDB DEFAULT CHARSET=latin1 ROW_FORMAT=COMPACT;

--
-- Dumping data for table `app_dosen`
--

INSERT INTO `app_dosen` (`dosen_id`, `nama_lengkap`, `nip`, `tempat_lahir`, `tanggal_lahir`, `gender`, `agama_id`, `status_kawin`, `jenjang`, `gelar_pendidikan`, `alamat`, `hp`, `email`, `pelatihan`) VALUES
(6, 'Ciek Juliati Hisyam', '196204121987032001', 'Jakarta', '2016-01-21', '1', 1, 2, 'S3', 'Dr', 'Jakarta', '089690987654', 'saidatunnafsiah@gmail.com', 'CFA, CIA'),
(7, 'Etin Solihatin', '196601011989032003', 'Jakarta', '2016-01-21', '2', 1, 1, 'S3', 'Dr', 'Jakarta', '089690987654', 'sampleemail@gmail.com', 'CPMA'),
(8, 'Alex Iskandar', '196601011989032002', 'Jakarta', '2015-12-14', '1', 1, 1, 'S3', 'Dr', 'Jakarta', '08512545686', 'alex@gmail.com', 'CPSAK'),
(11, 'Indra Hermawan', '196601011989032004', 'Jakarta', '2015-12-14', '1', 1, 2, 'S1', 'SE', 'Jakarta', '08512545686', 'indra@gmail.com', 'CFA, CPSAK'),
(17, 'Anton Gultom', '196601011989032005', 'Jakarta', '2016-01-26', '1', 2, 2, 'S2', 'SST., M.Pd', 'Jakarta', '08123456789', 'anton@gmail.com', 'BVAB'),
(18, 'Berayan Munthe', '196601011989032006', 'Jakarta', '2016-01-26', '2', 1, 2, 'S2', 'MT', 'Jakarta', '08123456789', 'berayan@gmail.com', 'BVC'),
(19, 'Rahmat Kuswandy', '196601011989032007', 'Jakarta', '2016-01-26', '1', 1, 1, 'S3', 'Drs.', 'Jakarta', '08123456789', 'rahmat@gmail.com', 'AK'),
(21, 'Ahadiat', '196601011989032008', 'Jakarta', '2016-01-26', '1', 1, 2, 'S2', 'M.S.Ak', 'Jakarta', '08123456789', 'ahadiat@gmail.com', 'CPA'),
(22, 'Rahmat Gunawan', '196601011989032009', 'Jakarta', '2016-01-01', '1', 3, 2, 'S1', 'SE', 'Jakarta', '08123456789', 'rahmat@gmail.com', 'AM');

-- --------------------------------------------------------

--
-- Table structure for table `app_gedung`
--

CREATE TABLE `app_gedung` (
  `gedung_id` int(11) NOT NULL,
  `nama_gedung` varchar(50) NOT NULL
) ENGINE=InnoDB DEFAULT CHARSET=latin1 ROW_FORMAT=COMPACT;

--
-- Dumping data for table `app_gedung`
--

INSERT INTO `app_gedung` (`gedung_id`, `nama_gedung`) VALUES
(2, 'SALEMBA'),
(3, 'DEPOK');

-- --------------------------------------------------------

--
-- Table structure for table `app_ruangan`
--

CREATE TABLE `app_ruangan` (
  `ruangan_id` int(11) NOT NULL,
  `nama_ruangan` varchar(20) NOT NULL,
  `gedung_id` int(11) NOT NULL,
  `kapasitas` int(11) NOT NULL,
  `keterangan` varchar(100) NOT NULL
) ENGINE=InnoDB DEFAULT CHARSET=latin1 ROW_FORMAT=COMPACT;

--
-- Dumping data for table `app_ruangan`
--

INSERT INTO `app_ruangan` (`ruangan_id`, `nama_ruangan`, `gedung_id`, `kapasitas`, `keterangan`) VALUES
(1, 'L1.R06', 2, 25, ''),
(2, 'L1.R05', 2, 25, ''),
(3, 'L1.R02', 2, 60, ''),
(4, 'L1.R07', 2, 25, ''),
(5, 'L1.R08', 2, 50, ''),
(6, 'L1.R09', 2, 25, ''),
(7, 'L2.R02', 2, 20, ''),
(8, 'L2.R03', 2, 20, ''),
(9, 'L2.R04', 2, 20, ''),
(10, 'L2.R05', 2, 20, ''),
(11, 'L2.R06', 2, 20, ''),
(12, 'L2.R07', 2, 25, ''),
(13, 'L2.R08', 2, 25, ''),
(14, 'L2.R09', 2, 20, ''),
(15, 'L2.R10', 2, 20, ''),
(16, 'L3.R03', 2, 60, ''),
(17, 'L1.R01', 2, 10, ''),
(18, 'L1.R03-4', 2, 10, ''),
(19, 'L1.R10', 2, 10, ''),
(20, 'L2.R02', 2, 10, ''),
(22, 'L3.R05', 3, 20, 'Lab Akuntansi'),
(24, 'L3.R07', 2, 10, ''),
(25, 'L2.R03', 2, 25, ''),
(26, 'L3.R01', 2, 30, ''),
(27, 'Ruang Test', 3, 8, ''),
(28, 'not set', 0, 0, '');

-- --------------------------------------------------------

--
-- Table structure for table `app_users`
--

CREATE TABLE `app_users` (
  `id_users` int(11) NOT NULL,
  `username` varchar(20) NOT NULL,
  `nama` varchar(50) NOT NULL,
  `password` varchar(32) NOT NULL,
  `email` varchar(50) NOT NULL,
  `level` int(1) NOT NULL COMMENT '1=admin, 2=staf admin, 3=keuangan, 4=konsultan/peserta',
  `keterangan` varchar(5) NOT NULL,
  `last_login` datetime NOT NULL
) ENGINE=InnoDB DEFAULT CHARSET=latin1 ROW_FORMAT=COMPACT;

--
-- Dumping data for table `app_users`
--

INSERT INTO `app_users` (`id_users`, `username`, `nama`, `password`, `email`, `level`, `keterangan`, `last_login`) VALUES
(1, 'admin', 'admin', '21232f297a57a5a743894a0e4a801fc3', 'sss', 1, '', '2016-04-18 09:14:39'),
(4, 'andri', '', '270007185d0f4b290ded51f9345a7f29', 'sss', 2, '', '2016-02-03 16:37:16'),
(10, 'imah', '', 'c3e2afbf2809baf090ea561fb5e72162', 'sss', 3, '', '2016-04-12 19:00:58');

-- --------------------------------------------------------

--
-- Table structure for table `app_waktu`
--

CREATE TABLE `app_waktu` (
  `waktu_id` int(11) NOT NULL,
  `nama_waktu` varchar(30) NOT NULL
) ENGINE=InnoDB DEFAULT CHARSET=latin1 ROW_FORMAT=COMPACT;

--
-- Dumping data for table `app_waktu`
--

INSERT INTO `app_waktu` (`waktu_id`, `nama_waktu`) VALUES
(1, 'Sabtu'),
(2, 'Senin & Rabu'),
(3, 'Senin, Rabu & Jumat');

-- --------------------------------------------------------

--
-- Table structure for table `daemons`
--

CREATE TABLE `daemons` (
  `Start` text NOT NULL,
  `Info` text NOT NULL
) ENGINE=MyISAM DEFAULT CHARSET=utf8 ROW_FORMAT=DYNAMIC;

-- --------------------------------------------------------

--
-- Table structure for table `data_frontoffice`
--

CREATE TABLE `data_frontoffice` (
  `id` int(11) NOT NULL,
  `tgl` date NOT NULL,
  `nama` varchar(100) NOT NULL,
  `no_hp` varchar(20) NOT NULL,
  `email` varchar(50) NOT NULL,
  `pel` varchar(11) NOT NULL,
  `prodis` varchar(10) NOT NULL,
  `ket` mediumtext NOT NULL,
  `id_users` int(11) NOT NULL,
  `tgltin` date NOT NULL,
  `tindakan` mediumtext NOT NULL
) ENGINE=InnoDB DEFAULT CHARSET=latin1 ROW_FORMAT=COMPACT;

--
-- Dumping data for table `data_frontoffice`
--

INSERT INTO `data_frontoffice` (`id`, `tgl`, `nama`, `no_hp`, `email`, `pel`, `prodis`, `ket`, `id_users`, `tgltin`, `tindakan`) VALUES
(10, '2016-02-05', 'Sulimah', '081298554248', 'suli@yahoo.com', 'CFA', 'CFA', 'minta dikirimkan form pendaftaran CFA', 1, '2016-02-25', 'Sudah dikirimkan'),
(11, '2016-02-05', 'Sulimah', '081298554248', 'sulimah.16@gmail.com', 'BVAB SRJ', 'BVAB', 'minta info seputar ujian', 4, '2016-02-18', 'sudah dikirim via email'),
(12, '2016-02-05', 'Budi', '90939939', 'budi@yahoo.com', 'AK SR', 'CFP', 'minta di kirimkan brosur', 6, '2016-02-18', 'sudah dikirim via email'),
(14, '2016-02-10', 'Etika Cahya Pribadi', '081298554248', 'sulimah.16@gmail.com', 'CIA', 'CIA', 'minta form pendaftaran', 7, '2016-02-22', 'sudah dikirim via email');

-- --------------------------------------------------------

--
-- Table structure for table `faq`
--

CREATE TABLE `faq` (
  `id` int(11) NOT NULL,
  `prodis` varchar(100) NOT NULL,
  `kete` mediumtext NOT NULL
) ENGINE=InnoDB DEFAULT CHARSET=latin1 ROW_FORMAT=COMPACT;

--
-- Dumping data for table `faq`
--

INSERT INTO `faq` (`id`, `prodis`, `kete`) VALUES
(1, 'ALL', 'Bagaiamana cara peserta dapat memperoleh formulir pendaftaran? <br>\r\n- Mengambil langsung di sekretariat (Gd. PPA FEB UI, Kampus FEB UI Salemba dan Gd. Dept. Akuntansi FEB UI, Kampus FEB UI Depok).<br>\r\n- Mendownload melalui www.ppa-feui.com atau melakukan permohonan melalui email ke ppa_feui@yahoo.com atau mail@ppa-feui.com.'),
(2, 'ALL', 'Bagiamana prosedur pembayaran pelatihan? <br>\r\nPembayaran biaya  pelatihan DIHARAPKAN dilakukan melalui transfer ke rekening:<br>\r\n- Bank Mandiri Cab. FE UI Depok<br>\r\n- A/N Pusat Pengembangan Akuntansi FE UI <br>\r\n- No. Rek. 157-00-0175156-0<br>\r\nBukti pembayaran via transfer harap dikirimkan ke PPA FEB UI dengan dicantumkan nama peserta, nama pelatihan, nama bank dan nama pemilik rekening (jika berbeda dengan nama peserta). '),
(3, 'ALL', 'dfwdfsdfdf.\r\nsdfsafsdf.'),
(4, 'ALL', '1\r\n2');

-- --------------------------------------------------------

--
-- Table structure for table `gammu`
--

CREATE TABLE `gammu` (
  `Version` int(11) NOT NULL DEFAULT 0
) ENGINE=MyISAM DEFAULT CHARSET=utf8 ROW_FORMAT=FIXED;

--
-- Dumping data for table `gammu`
--

INSERT INTO `gammu` (`Version`) VALUES
(11),
(11),
(11);

-- --------------------------------------------------------

--
-- Table structure for table `groups`
--

CREATE TABLE `groups` (
  `id` mediumint(8) UNSIGNED NOT NULL,
  `name` varchar(20) NOT NULL,
  `description` varchar(100) NOT NULL
) ENGINE=InnoDB DEFAULT CHARSET=utf8 ROW_FORMAT=COMPACT;

--
-- Dumping data for table `groups`
--

INSERT INTO `groups` (`id`, `name`, `description`) VALUES
(1, 'admin', 'Administrator'),
(2, 'peserta', 'General User'),
(3, 'staff', 'Staf Admin'),
(4, 'keuangan', 'Keuangan');

-- --------------------------------------------------------

--
-- Table structure for table `inbox`
--

CREATE TABLE `inbox` (
  `UpdatedInDB` timestamp NOT NULL DEFAULT current_timestamp() ON UPDATE current_timestamp(),
  `ReceivingDateTime` timestamp NOT NULL DEFAULT '0000-00-00 00:00:00',
  `Text` text NOT NULL,
  `SenderNumber` varchar(20) NOT NULL DEFAULT '',
  `Coding` enum('Default_No_Compression','Unicode_No_Compression','8bit','Default_Compression','Unicode_Compression') NOT NULL DEFAULT 'Default_No_Compression',
  `UDH` text NOT NULL,
  `SMSCNumber` varchar(20) NOT NULL DEFAULT '',
  `Class` int(11) NOT NULL DEFAULT -1,
  `TextDecoded` text NOT NULL,
  `ID` int(10) UNSIGNED NOT NULL,
  `RecipientID` text NOT NULL,
  `Processed` enum('false','true') NOT NULL DEFAULT 'false'
) ENGINE=MyISAM DEFAULT CHARSET=utf8 ROW_FORMAT=DYNAMIC;

-- --------------------------------------------------------

--
-- Table structure for table `keuangan_biaya_kuliah`
--

CREATE TABLE `keuangan_biaya_kuliah` (
  `biaya_kuliah_id` int(11) NOT NULL,
  `jenis_bayar_id` int(3) NOT NULL,
  `konsentrasi_id` int(3) NOT NULL,
  `angkatan_id` int(3) NOT NULL,
  `jumlah` int(11) NOT NULL
) ENGINE=InnoDB DEFAULT CHARSET=latin1 ROW_FORMAT=COMPACT;

--
-- Dumping data for table `keuangan_biaya_kuliah`
--

INSERT INTO `keuangan_biaya_kuliah` (`biaya_kuliah_id`, `jenis_bayar_id`, `konsentrasi_id`, `angkatan_id`, `jumlah`) VALUES
(227, 1, 1, 2, 500000),
(228, 2, 1, 2, 500000),
(229, 3, 1, 2, 500000),
(230, 9, 1, 2, 500000),
(231, 10, 1, 2, 500000),
(232, 11, 1, 2, 500000),
(233, 19, 1, 2, 500000),
(234, 1, 1, 3, 5500000),
(235, 2, 1, 3, 0),
(236, 3, 1, 3, 0),
(237, 9, 1, 3, 500000),
(238, 10, 1, 3, 500000),
(239, 11, 1, 3, 500000),
(240, 19, 1, 3, 500000),
(241, 1, 1, 2, 0),
(242, 2, 1, 2, 0),
(243, 3, 1, 2, 0),
(244, 9, 1, 2, 0),
(245, 10, 1, 2, 0),
(246, 11, 1, 2, 0),
(247, 19, 1, 2, 0),
(248, 1, 2, 2, 600000),
(249, 2, 2, 2, 0),
(250, 3, 2, 2, 0),
(251, 9, 2, 2, 0),
(252, 10, 2, 2, 0),
(253, 11, 2, 2, 0),
(254, 19, 2, 2, 0),
(255, 1, 3, 2, 0),
(256, 2, 3, 2, 0),
(257, 3, 3, 2, 0),
(258, 9, 3, 2, 0),
(259, 10, 3, 2, 0),
(260, 11, 3, 2, 0),
(261, 19, 3, 2, 0),
(262, 1, 4, 2, 0),
(263, 2, 4, 2, 0),
(264, 3, 4, 2, 0),
(265, 9, 4, 2, 0),
(266, 10, 4, 2, 0),
(267, 11, 4, 2, 0),
(268, 19, 4, 2, 0),
(269, 1, 5, 2, 0),
(270, 2, 5, 2, 0),
(271, 3, 5, 2, 0),
(272, 9, 5, 2, 0),
(273, 10, 5, 2, 0),
(274, 11, 5, 2, 0),
(275, 19, 5, 2, 0),
(276, 1, 6, 2, 0),
(277, 2, 6, 2, 0),
(278, 3, 6, 2, 0),
(279, 9, 6, 2, 0),
(280, 10, 6, 2, 0),
(281, 11, 6, 2, 0),
(282, 19, 6, 2, 0),
(283, 1, 7, 2, 0),
(284, 2, 7, 2, 0),
(285, 3, 7, 2, 0),
(286, 9, 7, 2, 0),
(287, 10, 7, 2, 0),
(288, 11, 7, 2, 0),
(289, 19, 7, 2, 0),
(290, 1, 8, 2, 0),
(291, 2, 8, 2, 0),
(292, 3, 8, 2, 0),
(293, 9, 8, 2, 0),
(294, 10, 8, 2, 0),
(295, 11, 8, 2, 0),
(296, 19, 8, 2, 0),
(297, 1, 9, 2, 0),
(298, 2, 9, 2, 0),
(299, 3, 9, 2, 0),
(300, 9, 9, 2, 0),
(301, 10, 9, 2, 0),
(302, 11, 9, 2, 0),
(303, 19, 9, 2, 0),
(304, 1, 10, 2, 0),
(305, 2, 10, 2, 0),
(306, 3, 10, 2, 0),
(307, 9, 10, 2, 0),
(308, 10, 10, 2, 0),
(309, 11, 10, 2, 0),
(310, 19, 10, 2, 0),
(311, 1, 11, 2, 0),
(312, 2, 11, 2, 0),
(313, 3, 11, 2, 0),
(314, 9, 11, 2, 0),
(315, 10, 11, 2, 0),
(316, 11, 11, 2, 0),
(317, 19, 11, 2, 0),
(318, 1, 12, 2, 0),
(319, 2, 12, 2, 0),
(320, 3, 12, 2, 0),
(321, 9, 12, 2, 0),
(322, 10, 12, 2, 0),
(323, 11, 12, 2, 0),
(324, 19, 12, 2, 0),
(325, 1, 13, 2, 0),
(326, 2, 13, 2, 0),
(327, 3, 13, 2, 0),
(328, 9, 13, 2, 0),
(329, 10, 13, 2, 0),
(330, 11, 13, 2, 0),
(331, 19, 13, 2, 0),
(332, 1, 14, 2, 0),
(333, 2, 14, 2, 0),
(334, 3, 14, 2, 0),
(335, 9, 14, 2, 0),
(336, 10, 14, 2, 0),
(337, 11, 14, 2, 0),
(338, 19, 14, 2, 0),
(339, 1, 15, 2, 0),
(340, 2, 15, 2, 0),
(341, 3, 15, 2, 0),
(342, 9, 15, 2, 0),
(343, 10, 15, 2, 0),
(344, 11, 15, 2, 0),
(345, 19, 15, 2, 0),
(346, 1, 16, 2, 0),
(347, 2, 16, 2, 0),
(348, 3, 16, 2, 0),
(349, 9, 16, 2, 0),
(350, 10, 16, 2, 0),
(351, 11, 16, 2, 0),
(352, 19, 16, 2, 0),
(353, 1, 17, 2, 0),
(354, 2, 17, 2, 0),
(355, 3, 17, 2, 0),
(356, 9, 17, 2, 0),
(357, 10, 17, 2, 0),
(358, 11, 17, 2, 0),
(359, 19, 17, 2, 0),
(360, 1, 2, 3, 600000),
(361, 2, 2, 3, 0),
(362, 3, 2, 3, 0),
(363, 9, 2, 3, 0),
(364, 10, 2, 3, 600000),
(365, 11, 2, 3, 0),
(366, 19, 2, 3, 0),
(367, 1, 3, 3, 2900000),
(368, 2, 3, 3, 0),
(369, 3, 3, 3, 0),
(370, 9, 3, 3, 200000),
(371, 10, 3, 3, 100000),
(372, 11, 3, 3, 100000),
(373, 19, 3, 3, 950000),
(374, 1, 10, 3, 5500000),
(375, 2, 10, 1, 0),
(376, 3, 10, 1, 0),
(377, 9, 10, 1, 0),
(378, 10, 10, 3, 0),
(379, 11, 10, 3, 0),
(380, 19, 10, 3, 0),
(381, 1, 1, 2, 0),
(382, 2, 1, 2, 0),
(383, 3, 1, 2, 0),
(384, 9, 1, 2, 0),
(385, 10, 1, 2, 0),
(386, 11, 1, 2, 0),
(387, 19, 1, 2, 0),
(388, 1, 2, 2, 0),
(389, 2, 2, 2, 0),
(390, 3, 2, 2, 0),
(391, 9, 2, 2, 0),
(392, 10, 2, 2, 0),
(393, 11, 2, 2, 0),
(394, 19, 2, 2, 0),
(395, 1, 3, 2, 0),
(396, 2, 3, 2, 0),
(397, 3, 3, 2, 0),
(398, 9, 3, 2, 0),
(399, 10, 3, 2, 0),
(400, 11, 3, 2, 0),
(401, 19, 3, 2, 0),
(402, 1, 4, 2, 0),
(403, 2, 4, 2, 0),
(404, 3, 4, 2, 0),
(405, 9, 4, 2, 0),
(406, 10, 4, 2, 0),
(407, 11, 4, 2, 0),
(408, 19, 4, 2, 0),
(409, 1, 5, 2, 0),
(410, 2, 5, 2, 0),
(411, 3, 5, 2, 0),
(412, 9, 5, 2, 0),
(413, 10, 5, 2, 0),
(414, 11, 5, 2, 0),
(415, 19, 5, 2, 0),
(416, 1, 6, 2, 0),
(417, 2, 6, 2, 0),
(418, 3, 6, 2, 0),
(419, 9, 6, 2, 0),
(420, 10, 6, 2, 0),
(421, 11, 6, 2, 0),
(422, 19, 6, 2, 0),
(423, 1, 7, 2, 0),
(424, 2, 7, 2, 0),
(425, 3, 7, 2, 0),
(426, 9, 7, 2, 0),
(427, 10, 7, 2, 0),
(428, 11, 7, 2, 0),
(429, 19, 7, 2, 0),
(430, 1, 8, 2, 0),
(431, 2, 8, 2, 0),
(432, 3, 8, 2, 0),
(433, 9, 8, 2, 0),
(434, 10, 8, 2, 0),
(435, 11, 8, 2, 0),
(436, 19, 8, 2, 0),
(437, 1, 9, 2, 0),
(438, 2, 9, 2, 0),
(439, 3, 9, 2, 0),
(440, 9, 9, 2, 0),
(441, 10, 9, 2, 0),
(442, 11, 9, 2, 0),
(443, 19, 9, 2, 0),
(444, 1, 10, 2, 0),
(445, 2, 10, 2, 0),
(446, 3, 10, 2, 0),
(447, 9, 10, 2, 0),
(448, 10, 10, 2, 0),
(449, 11, 10, 2, 0),
(450, 19, 10, 2, 0),
(451, 1, 11, 2, 0),
(452, 2, 11, 2, 0),
(453, 3, 11, 2, 0),
(454, 9, 11, 2, 0),
(455, 10, 11, 2, 0),
(456, 11, 11, 2, 0),
(457, 19, 11, 2, 0),
(458, 1, 12, 2, 0),
(459, 2, 12, 2, 0),
(460, 3, 12, 2, 0),
(461, 9, 12, 2, 0),
(462, 10, 12, 2, 0),
(463, 11, 12, 2, 0),
(464, 19, 12, 2, 0),
(465, 1, 13, 2, 0),
(466, 2, 13, 2, 0),
(467, 3, 13, 2, 0),
(468, 9, 13, 2, 0),
(469, 10, 13, 2, 0),
(470, 11, 13, 2, 0),
(471, 19, 13, 2, 0),
(472, 1, 14, 2, 0),
(473, 2, 14, 2, 0),
(474, 3, 14, 2, 0),
(475, 9, 14, 2, 0),
(476, 10, 14, 2, 0),
(477, 11, 14, 2, 0),
(478, 19, 14, 2, 0),
(479, 1, 15, 2, 0),
(480, 2, 15, 2, 0),
(481, 3, 15, 2, 0),
(482, 9, 15, 2, 0),
(483, 10, 15, 2, 0),
(484, 11, 15, 2, 0),
(485, 19, 15, 2, 0),
(486, 1, 16, 2, 0),
(487, 2, 16, 2, 0),
(488, 3, 16, 2, 0),
(489, 9, 16, 2, 0),
(490, 10, 16, 2, 0),
(491, 11, 16, 2, 0),
(492, 19, 16, 2, 0),
(493, 1, 17, 2, 0),
(494, 2, 17, 2, 0),
(495, 3, 17, 2, 0),
(496, 9, 17, 2, 0),
(497, 10, 17, 2, 0),
(498, 11, 17, 2, 0),
(499, 19, 17, 2, 0),
(500, 20, 1, 1, 0),
(501, 20, 2, 1, 0),
(502, 20, 3, 1, 0),
(503, 20, 4, 1, 0),
(504, 20, 5, 1, 0),
(505, 20, 6, 1, 0),
(506, 20, 7, 1, 0),
(507, 20, 8, 1, 0),
(508, 20, 9, 1, 0),
(509, 20, 10, 1, 0),
(510, 20, 11, 1, 0),
(511, 20, 12, 1, 0),
(512, 20, 13, 1, 0),
(513, 20, 14, 1, 0),
(514, 20, 15, 1, 0),
(515, 20, 16, 1, 0),
(516, 20, 17, 1, 0),
(517, 22, 1, 1, 0),
(518, 22, 2, 1, 0),
(519, 22, 3, 1, 0),
(520, 22, 4, 1, 0),
(521, 22, 5, 1, 0),
(522, 22, 6, 1, 0),
(523, 22, 7, 1, 0),
(524, 22, 8, 1, 0),
(525, 22, 9, 1, 0),
(526, 22, 10, 1, 0),
(527, 22, 11, 1, 0),
(528, 22, 12, 1, 0),
(529, 22, 13, 1, 0),
(530, 22, 14, 1, 0),
(531, 22, 15, 1, 0),
(532, 22, 16, 1, 0),
(533, 22, 17, 1, 0),
(534, 22, 2, 2, 0),
(535, 1, 1, 2, 0),
(536, 2, 1, 2, 0),
(537, 3, 1, 2, 0),
(538, 9, 1, 2, 0),
(539, 10, 1, 2, 0),
(540, 11, 1, 2, 0),
(541, 19, 1, 2, 0),
(542, 22, 1, 2, 0),
(543, 1, 2, 2, 0),
(544, 2, 2, 2, 0),
(545, 3, 2, 2, 0),
(546, 9, 2, 2, 0),
(547, 10, 2, 2, 0),
(548, 11, 2, 2, 0),
(549, 19, 2, 2, 0),
(550, 22, 2, 2, 0),
(551, 1, 3, 2, 0),
(552, 2, 3, 2, 0),
(553, 3, 3, 2, 0),
(554, 9, 3, 2, 0),
(555, 10, 3, 2, 0),
(556, 11, 3, 2, 0),
(557, 19, 3, 2, 0),
(558, 22, 3, 2, 0),
(559, 1, 4, 2, 0),
(560, 2, 4, 2, 0),
(561, 3, 4, 2, 0),
(562, 9, 4, 2, 0),
(563, 10, 4, 2, 0),
(564, 11, 4, 2, 0),
(565, 19, 4, 2, 0),
(566, 22, 4, 2, 0),
(567, 1, 5, 2, 0),
(568, 2, 5, 2, 0),
(569, 3, 5, 2, 0),
(570, 9, 5, 2, 0),
(571, 10, 5, 2, 0),
(572, 11, 5, 2, 0),
(573, 19, 5, 2, 0),
(574, 22, 5, 2, 0),
(575, 1, 6, 2, 0),
(576, 2, 6, 2, 0),
(577, 3, 6, 2, 0),
(578, 9, 6, 2, 0),
(579, 10, 6, 2, 0),
(580, 11, 6, 2, 0),
(581, 19, 6, 2, 0),
(582, 22, 6, 2, 0),
(583, 1, 7, 2, 0),
(584, 2, 7, 2, 0),
(585, 3, 7, 2, 0),
(586, 9, 7, 2, 0),
(587, 10, 7, 2, 0),
(588, 11, 7, 2, 0),
(589, 19, 7, 2, 0),
(590, 22, 7, 2, 0),
(591, 1, 8, 2, 0),
(592, 2, 8, 2, 0),
(593, 3, 8, 2, 0),
(594, 9, 8, 2, 0),
(595, 10, 8, 2, 0),
(596, 11, 8, 2, 0),
(597, 19, 8, 2, 0),
(598, 22, 8, 2, 0),
(599, 1, 9, 2, 0),
(600, 2, 9, 2, 0),
(601, 3, 9, 2, 0),
(602, 9, 9, 2, 0),
(603, 10, 9, 2, 0),
(604, 11, 9, 2, 0),
(605, 19, 9, 2, 0),
(606, 22, 9, 2, 0),
(607, 1, 10, 2, 0),
(608, 2, 10, 2, 0),
(609, 3, 10, 2, 0),
(610, 9, 10, 2, 0),
(611, 10, 10, 2, 0),
(612, 11, 10, 2, 0),
(613, 19, 10, 2, 0),
(614, 22, 10, 2, 0),
(615, 1, 11, 2, 0),
(616, 2, 11, 2, 0),
(617, 3, 11, 2, 0),
(618, 9, 11, 2, 0),
(619, 10, 11, 2, 0),
(620, 11, 11, 2, 0),
(621, 19, 11, 2, 0),
(622, 22, 11, 2, 0),
(623, 1, 12, 2, 0),
(624, 2, 12, 2, 0),
(625, 3, 12, 2, 0),
(626, 9, 12, 2, 0),
(627, 10, 12, 2, 0),
(628, 11, 12, 2, 0),
(629, 19, 12, 2, 0),
(630, 22, 12, 2, 0),
(631, 1, 13, 2, 0),
(632, 2, 13, 2, 0),
(633, 3, 13, 2, 0),
(634, 9, 13, 2, 0),
(635, 10, 13, 2, 0),
(636, 11, 13, 2, 0),
(637, 19, 13, 2, 0),
(638, 22, 13, 2, 0),
(639, 1, 14, 2, 0),
(640, 2, 14, 2, 0),
(641, 3, 14, 2, 0),
(642, 9, 14, 2, 0),
(643, 10, 14, 2, 0),
(644, 11, 14, 2, 0),
(645, 19, 14, 2, 0),
(646, 22, 14, 2, 0),
(647, 1, 15, 2, 0),
(648, 2, 15, 2, 0),
(649, 3, 15, 2, 0),
(650, 9, 15, 2, 0),
(651, 10, 15, 2, 0),
(652, 11, 15, 2, 0),
(653, 19, 15, 2, 0),
(654, 22, 15, 2, 0),
(655, 1, 16, 2, 0),
(656, 2, 16, 2, 0),
(657, 3, 16, 2, 0),
(658, 9, 16, 2, 0),
(659, 10, 16, 2, 0),
(660, 11, 16, 2, 0),
(661, 19, 16, 2, 0),
(662, 22, 16, 2, 0),
(663, 1, 17, 2, 0),
(664, 2, 17, 2, 0),
(665, 3, 17, 2, 0),
(666, 9, 17, 2, 0),
(667, 10, 17, 2, 0),
(668, 11, 17, 2, 0),
(669, 19, 17, 2, 0),
(670, 22, 17, 2, 0),
(671, 1, 1, 2, 0),
(672, 2, 1, 2, 0),
(673, 3, 1, 2, 0),
(674, 9, 1, 2, 0),
(675, 10, 1, 2, 0),
(676, 11, 1, 2, 0),
(677, 19, 1, 2, 0),
(678, 22, 1, 2, 0),
(679, 1, 2, 2, 0),
(680, 2, 2, 2, 0),
(681, 3, 2, 2, 0),
(682, 9, 2, 2, 0),
(683, 10, 2, 2, 0),
(684, 11, 2, 2, 0),
(685, 19, 2, 2, 0),
(686, 22, 2, 2, 0),
(687, 1, 3, 2, 0),
(688, 2, 3, 2, 0),
(689, 3, 3, 2, 0),
(690, 9, 3, 2, 0),
(691, 10, 3, 2, 0),
(692, 11, 3, 2, 0),
(693, 19, 3, 2, 0),
(694, 22, 3, 2, 0),
(695, 1, 4, 2, 0),
(696, 2, 4, 2, 0),
(697, 3, 4, 2, 0),
(698, 9, 4, 2, 0),
(699, 10, 4, 2, 0),
(700, 11, 4, 2, 0),
(701, 19, 4, 2, 0),
(702, 22, 4, 2, 0),
(703, 1, 5, 2, 0),
(704, 2, 5, 2, 0),
(705, 3, 5, 2, 0),
(706, 9, 5, 2, 0),
(707, 10, 5, 2, 0),
(708, 11, 5, 2, 0),
(709, 19, 5, 2, 0),
(710, 22, 5, 2, 0),
(711, 1, 6, 2, 0),
(712, 2, 6, 2, 0),
(713, 3, 6, 2, 0),
(714, 9, 6, 2, 0),
(715, 10, 6, 2, 0),
(716, 11, 6, 2, 0),
(717, 19, 6, 2, 0),
(718, 22, 6, 2, 0),
(719, 1, 7, 2, 0),
(720, 2, 7, 2, 0),
(721, 3, 7, 2, 0),
(722, 9, 7, 2, 0),
(723, 10, 7, 2, 0),
(724, 11, 7, 2, 0),
(725, 19, 7, 2, 0),
(726, 22, 7, 2, 0),
(727, 1, 8, 2, 0),
(728, 2, 8, 2, 0),
(729, 3, 8, 2, 0),
(730, 9, 8, 2, 0),
(731, 10, 8, 2, 0),
(732, 11, 8, 2, 0),
(733, 19, 8, 2, 0),
(734, 22, 8, 2, 0),
(735, 1, 9, 2, 0),
(736, 2, 9, 2, 0),
(737, 3, 9, 2, 0),
(738, 9, 9, 2, 0),
(739, 10, 9, 2, 0),
(740, 11, 9, 2, 0),
(741, 19, 9, 2, 0),
(742, 22, 9, 2, 0),
(743, 1, 10, 2, 0),
(744, 2, 10, 2, 0),
(745, 3, 10, 2, 0),
(746, 9, 10, 2, 0),
(747, 10, 10, 2, 0),
(748, 11, 10, 2, 0),
(749, 19, 10, 2, 0),
(750, 22, 10, 2, 0),
(751, 1, 11, 2, 0),
(752, 2, 11, 2, 0),
(753, 3, 11, 2, 0),
(754, 9, 11, 2, 0),
(755, 10, 11, 2, 0),
(756, 11, 11, 2, 0),
(757, 19, 11, 2, 0),
(758, 22, 11, 2, 0),
(759, 1, 12, 2, 0),
(760, 2, 12, 2, 0),
(761, 3, 12, 2, 0),
(762, 9, 12, 2, 0),
(763, 10, 12, 2, 0),
(764, 11, 12, 2, 0),
(765, 19, 12, 2, 0),
(766, 22, 12, 2, 0),
(767, 1, 13, 2, 0),
(768, 2, 13, 2, 0),
(769, 3, 13, 2, 0),
(770, 9, 13, 2, 0),
(771, 10, 13, 2, 0),
(772, 11, 13, 2, 0),
(773, 19, 13, 2, 0),
(774, 22, 13, 2, 0),
(775, 1, 14, 2, 0),
(776, 2, 14, 2, 0),
(777, 3, 14, 2, 0),
(778, 9, 14, 2, 0),
(779, 10, 14, 2, 0),
(780, 11, 14, 2, 0),
(781, 19, 14, 2, 0),
(782, 22, 14, 2, 0),
(783, 1, 15, 2, 0),
(784, 2, 15, 2, 0),
(785, 3, 15, 2, 0),
(786, 9, 15, 2, 0),
(787, 10, 15, 2, 0),
(788, 11, 15, 2, 0),
(789, 19, 15, 2, 0),
(790, 22, 15, 2, 0),
(791, 1, 16, 2, 0),
(792, 2, 16, 2, 0),
(793, 3, 16, 2, 0),
(794, 9, 16, 2, 0),
(795, 10, 16, 2, 0),
(796, 11, 16, 2, 0),
(797, 19, 16, 2, 0),
(798, 22, 16, 2, 0),
(799, 1, 17, 2, 0),
(800, 2, 17, 2, 0),
(801, 3, 17, 2, 0),
(802, 9, 17, 2, 0),
(803, 10, 17, 2, 0),
(804, 11, 17, 2, 0),
(805, 19, 17, 2, 0),
(806, 22, 17, 2, 0),
(807, 1, 1, 2, 0),
(808, 2, 1, 2, 0),
(809, 3, 1, 2, 0),
(810, 9, 1, 2, 0),
(811, 10, 1, 2, 0),
(812, 11, 1, 2, 0),
(813, 19, 1, 2, 0),
(814, 22, 1, 2, 0),
(815, 1, 2, 2, 0),
(816, 2, 2, 2, 0),
(817, 3, 2, 2, 0),
(818, 9, 2, 2, 0),
(819, 10, 2, 2, 0),
(820, 11, 2, 2, 0),
(821, 19, 2, 2, 0),
(822, 22, 2, 2, 0),
(823, 1, 3, 2, 0),
(824, 2, 3, 2, 0),
(825, 3, 3, 2, 0),
(826, 9, 3, 2, 0),
(827, 10, 3, 2, 0),
(828, 11, 3, 2, 0),
(829, 19, 3, 2, 0),
(830, 22, 3, 2, 0),
(831, 1, 4, 2, 0),
(832, 2, 4, 2, 0),
(833, 3, 4, 2, 0),
(834, 9, 4, 2, 0),
(835, 10, 4, 2, 0),
(836, 11, 4, 2, 0),
(837, 19, 4, 2, 0),
(838, 22, 4, 2, 0),
(839, 1, 5, 2, 0),
(840, 2, 5, 2, 0),
(841, 3, 5, 2, 0),
(842, 9, 5, 2, 0),
(843, 10, 5, 2, 0),
(844, 11, 5, 2, 0),
(845, 19, 5, 2, 0),
(846, 22, 5, 2, 0),
(847, 1, 6, 2, 0),
(848, 2, 6, 2, 0),
(849, 3, 6, 2, 0),
(850, 9, 6, 2, 0),
(851, 10, 6, 2, 0),
(852, 11, 6, 2, 0),
(853, 19, 6, 2, 0),
(854, 22, 6, 2, 0),
(855, 1, 7, 2, 0),
(856, 2, 7, 2, 0),
(857, 3, 7, 2, 0),
(858, 9, 7, 2, 0),
(859, 10, 7, 2, 0),
(860, 11, 7, 2, 0),
(861, 19, 7, 2, 0),
(862, 22, 7, 2, 0),
(863, 1, 8, 2, 0),
(864, 2, 8, 2, 0),
(865, 3, 8, 2, 0),
(866, 9, 8, 2, 0),
(867, 10, 8, 2, 0),
(868, 11, 8, 2, 0),
(869, 19, 8, 2, 0),
(870, 22, 8, 2, 0),
(871, 1, 9, 2, 0),
(872, 2, 9, 2, 0),
(873, 3, 9, 2, 0),
(874, 9, 9, 2, 0),
(875, 10, 9, 2, 0),
(876, 11, 9, 2, 0),
(877, 19, 9, 2, 0),
(878, 22, 9, 2, 0),
(879, 1, 10, 2, 0),
(880, 2, 10, 2, 0),
(881, 3, 10, 2, 0),
(882, 9, 10, 2, 0),
(883, 10, 10, 2, 0),
(884, 11, 10, 2, 0),
(885, 19, 10, 2, 0),
(886, 22, 10, 2, 0),
(887, 1, 11, 2, 0),
(888, 2, 11, 2, 0),
(889, 3, 11, 2, 0),
(890, 9, 11, 2, 0),
(891, 10, 11, 2, 0),
(892, 11, 11, 2, 0),
(893, 19, 11, 2, 0),
(894, 22, 11, 2, 0),
(895, 1, 12, 2, 0),
(896, 2, 12, 2, 0),
(897, 3, 12, 2, 0),
(898, 9, 12, 2, 0),
(899, 10, 12, 2, 0),
(900, 11, 12, 2, 0),
(901, 19, 12, 2, 0),
(902, 22, 12, 2, 0),
(903, 1, 13, 2, 0),
(904, 2, 13, 2, 0),
(905, 3, 13, 2, 0),
(906, 9, 13, 2, 0),
(907, 10, 13, 2, 0),
(908, 11, 13, 2, 0),
(909, 19, 13, 2, 0),
(910, 22, 13, 2, 0),
(911, 1, 14, 2, 0),
(912, 2, 14, 2, 0),
(913, 3, 14, 2, 0),
(914, 9, 14, 2, 0),
(915, 10, 14, 2, 0),
(916, 11, 14, 2, 0),
(917, 19, 14, 2, 0),
(918, 22, 14, 2, 0),
(919, 1, 15, 2, 0),
(920, 2, 15, 2, 0),
(921, 3, 15, 2, 0),
(922, 9, 15, 2, 0),
(923, 10, 15, 2, 0),
(924, 11, 15, 2, 0),
(925, 19, 15, 2, 0),
(926, 22, 15, 2, 0),
(927, 1, 16, 2, 0),
(928, 2, 16, 2, 0),
(929, 3, 16, 2, 0),
(930, 9, 16, 2, 0),
(931, 10, 16, 2, 0),
(932, 11, 16, 2, 0),
(933, 19, 16, 2, 0),
(934, 22, 16, 2, 0),
(935, 1, 17, 2, 0),
(936, 2, 17, 2, 0),
(937, 3, 17, 2, 0),
(938, 9, 17, 2, 0),
(939, 10, 17, 2, 0),
(940, 11, 17, 2, 0),
(941, 19, 17, 2, 0),
(942, 22, 17, 2, 0),
(943, 4, 2, 2, 0),
(944, 4, 3, 2, 0),
(945, 4, 2, 1, 0),
(946, 4, 3, 1, 0),
(947, 4, 1, 1, 0),
(948, 1, 5, 1, 8000000),
(949, 2, 5, 1, 0),
(950, 3, 5, 1, 1000000),
(951, 4, 5, 1, 1000000),
(952, 4, 10, 1, 0),
(953, 1, 17, 1, 4200000),
(954, 2, 17, 1, 0),
(955, 3, 17, 1, 0),
(956, 4, 17, 1, 0),
(957, 1, 15, 1, 8700000),
(958, 2, 15, 1, 0),
(959, 3, 15, 1, 0),
(960, 4, 15, 1, 0),
(961, 1, 8, 1, 11600000),
(962, 2, 8, 1, 0),
(963, 3, 8, 1, 0),
(964, 4, 8, 1, 0),
(965, 1, 3, 3, 0),
(966, 2, 3, 3, 0),
(967, 3, 3, 3, 0),
(968, 4, 3, 3, 0),
(969, 1, 11, 3, 2000000),
(970, 2, 11, 3, 0),
(971, 3, 11, 3, 0),
(972, 4, 11, 3, 0),
(973, 1, 16, 3, 1000000),
(974, 2, 16, 3, 0),
(975, 3, 16, 3, 0),
(976, 4, 16, 3, 0),
(977, 1, 5, 3, 0),
(978, 2, 5, 3, 0),
(979, 3, 5, 3, 0),
(980, 4, 5, 3, 0),
(981, 1, 10, 3, 0),
(982, 2, 10, 3, 0),
(983, 3, 10, 3, 0),
(984, 4, 10, 3, 0),
(985, 1, 15, 3, 0),
(986, 2, 15, 3, 0),
(987, 3, 15, 3, 0),
(988, 4, 15, 3, 0),
(989, 1, 1, 3, 0),
(990, 2, 1, 3, 0),
(991, 3, 1, 3, 0),
(992, 4, 1, 3, 0),
(993, 1, 19, 1, 2500000),
(994, 2, 19, 1, 0),
(995, 3, 19, 1, 0),
(996, 4, 19, 1, 0),
(997, 5, 1, 1, 0),
(998, 5, 3, 1, 0),
(999, 5, 4, 1, 0),
(1000, 5, 5, 1, 0),
(1001, 5, 6, 1, 0),
(1002, 5, 7, 1, 0),
(1003, 5, 8, 1, 0),
(1004, 5, 9, 1, 0),
(1005, 5, 10, 1, 0),
(1006, 5, 11, 1, 0),
(1007, 5, 12, 1, 0),
(1008, 5, 13, 1, 0),
(1009, 5, 14, 1, 0),
(1010, 5, 15, 1, 0),
(1011, 5, 16, 1, 0),
(1012, 5, 17, 1, 0),
(1013, 5, 18, 1, 0),
(1014, 5, 19, 1, 0),
(1015, 6, 1, 1, 0),
(1016, 6, 3, 1, 0),
(1017, 6, 4, 1, 0),
(1018, 6, 5, 1, 0),
(1019, 6, 6, 1, 0),
(1020, 6, 7, 1, 0),
(1021, 6, 8, 1, 0),
(1022, 6, 9, 1, 0),
(1023, 6, 10, 1, 0),
(1024, 6, 11, 1, 0),
(1025, 6, 12, 1, 0),
(1026, 6, 13, 1, 0),
(1027, 6, 14, 1, 0),
(1028, 6, 15, 1, 0),
(1029, 6, 16, 1, 0),
(1030, 6, 17, 1, 0),
(1031, 6, 18, 1, 0),
(1032, 6, 19, 1, 0),
(1033, 1, 13, 1, 2500000),
(1034, 2, 13, 1, 0),
(1035, 1, 4, 1, 4000000),
(1036, 2, 4, 1, 0),
(1037, 1, 1, 1, 0),
(1038, 2, 1, 1, 0),
(1039, 5, 1, 1, 0),
(1040, 6, 1, 1, 0),
(1041, 1, 3, 1, 2900000),
(1042, 2, 3, 1, 0),
(1043, 5, 3, 1, 0),
(1044, 6, 3, 1, 0),
(1045, 1, 4, 1, 0),
(1046, 2, 4, 1, 0),
(1047, 5, 4, 1, 0),
(1048, 6, 4, 1, 0),
(1049, 1, 5, 1, 0),
(1050, 2, 5, 1, 0),
(1051, 5, 5, 1, 0),
(1052, 6, 5, 1, 0),
(1053, 1, 6, 1, 3900000),
(1054, 2, 6, 1, 0),
(1055, 5, 6, 1, 0),
(1056, 6, 6, 1, 0),
(1057, 1, 7, 1, 4000000),
(1058, 2, 7, 1, 0),
(1059, 5, 7, 1, 0),
(1060, 6, 7, 1, 0),
(1061, 1, 8, 1, 0),
(1062, 2, 8, 1, 0),
(1063, 5, 8, 1, 0),
(1064, 6, 8, 1, 0),
(1065, 1, 9, 1, 3700000),
(1066, 2, 9, 1, 0),
(1067, 5, 9, 1, 0),
(1068, 6, 9, 1, 0),
(1069, 1, 10, 1, 0),
(1070, 2, 10, 1, 0),
(1071, 5, 10, 1, 0),
(1072, 6, 10, 1, 0),
(1073, 1, 11, 1, 1000000),
(1074, 2, 11, 1, 0),
(1075, 5, 11, 1, 0),
(1076, 6, 11, 1, 0),
(1077, 1, 12, 1, 4000000),
(1078, 2, 12, 1, 0),
(1079, 5, 12, 1, 0),
(1080, 6, 12, 1, 0),
(1081, 1, 13, 1, 0),
(1082, 2, 13, 1, 0),
(1083, 5, 13, 1, 0),
(1084, 6, 13, 1, 0),
(1085, 1, 14, 1, 9000000),
(1086, 2, 14, 1, 15500000),
(1087, 5, 14, 1, 0),
(1088, 6, 14, 1, 0),
(1089, 1, 15, 1, 0),
(1090, 2, 15, 1, 0),
(1091, 5, 15, 1, 0),
(1092, 6, 15, 1, 0),
(1093, 1, 16, 1, 1000000),
(1094, 2, 16, 1, 0),
(1095, 5, 16, 1, 0),
(1096, 6, 16, 1, 0),
(1097, 1, 17, 1, 0),
(1098, 2, 17, 1, 0),
(1099, 5, 17, 1, 0),
(1100, 6, 17, 1, 0),
(1101, 1, 18, 1, 3000000),
(1102, 2, 18, 1, 0),
(1103, 5, 18, 1, 0),
(1104, 6, 18, 1, 0),
(1105, 1, 19, 1, 0),
(1106, 2, 19, 1, 0),
(1107, 5, 19, 1, 0),
(1108, 6, 19, 1, 0),
(1109, 1, 22, 1, 2900000),
(1110, 2, 22, 1, 0),
(1111, 5, 22, 1, 0),
(1112, 6, 22, 1, 0),
(1113, 1, 23, 1, 2600000),
(1114, 2, 23, 1, 0),
(1115, 5, 23, 1, 0),
(1116, 6, 23, 1, 0),
(1117, 1, 21, 1, 2900000),
(1118, 2, 21, 1, 0),
(1119, 5, 21, 1, 0),
(1120, 6, 21, 1, 0),
(1121, 1, 20, 1, 5500000),
(1122, 2, 20, 1, 0),
(1123, 5, 20, 1, 0),
(1124, 6, 20, 1, 0),
(1125, 5, 3, 3, 0),
(1126, 6, 3, 3, 0),
(1127, 1, 26, 3, 4700000),
(1128, 2, 26, 3, 0),
(1129, 5, 26, 3, 0),
(1130, 6, 26, 3, 0),
(1131, 1, 21, 3, 0),
(1132, 2, 21, 3, 0),
(1133, 5, 21, 3, 0),
(1134, 6, 21, 3, 0),
(1135, 1, 26, 1, 4000000),
(1136, 2, 26, 1, 0),
(1137, 5, 26, 1, 0),
(1138, 6, 26, 1, 0),
(1139, 1, 24, 1, 2500000),
(1140, 2, 24, 1, 0),
(1141, 5, 24, 1, 0),
(1142, 6, 24, 1, 0),
(1143, 1, 25, 1, 1650000),
(1144, 2, 25, 1, 0),
(1145, 5, 25, 1, 0),
(1146, 6, 25, 1, 0),
(1147, 1, 7, 3, 0),
(1148, 2, 7, 3, 0),
(1149, 5, 7, 3, 0),
(1150, 6, 7, 3, 0);

-- --------------------------------------------------------

--
-- Table structure for table `keuangan_jenis_bayar`
--

CREATE TABLE `keuangan_jenis_bayar` (
  `jenis_bayar_id` int(11) NOT NULL,
  `keterangan` varchar(50) NOT NULL
) ENGINE=InnoDB DEFAULT CHARSET=latin1 ROW_FORMAT=COMPACT;

--
-- Dumping data for table `keuangan_jenis_bayar`
--

INSERT INTO `keuangan_jenis_bayar` (`jenis_bayar_id`, `keterangan`) VALUES
(1, 'Harga 1'),
(2, 'Harga 2'),
(5, 'Harga 3'),
(6, 'Harga 4');

-- --------------------------------------------------------

--
-- Table structure for table `keuangan_pembayaran`
--

CREATE TABLE `keuangan_pembayaran` (
  `pembayaran_id` int(11) NOT NULL,
  `mahasiswa_id` int(11) NOT NULL,
  `semester` int(11) NOT NULL,
  `no_bayar` varchar(10) NOT NULL
) ENGINE=InnoDB DEFAULT CHARSET=latin1 ROW_FORMAT=COMPACT;

-- --------------------------------------------------------

--
-- Table structure for table `keuangan_pembayaran_detail`
--

CREATE TABLE `keuangan_pembayaran_detail` (
  `pembayara_detail_id` int(11) NOT NULL,
  `tanggal` date NOT NULL,
  `nim` varchar(11) NOT NULL,
  `jenis_bayar_id` int(11) NOT NULL,
  `id_users` int(11) NOT NULL,
  `jumlah` int(11) NOT NULL,
  `semester` int(11) NOT NULL,
  `no_ttp` varchar(50) NOT NULL,
  `tipe` varchar(20) NOT NULL
) ENGINE=InnoDB DEFAULT CHARSET=latin1 ROW_FORMAT=COMPACT;

--
-- Dumping data for table `keuangan_pembayaran_detail`
--

INSERT INTO `keuangan_pembayaran_detail` (`pembayara_detail_id`, `tanggal`, `nim`, `jenis_bayar_id`, `id_users`, `jumlah`, `semester`, `no_ttp`, `tipe`) VALUES
(49, '2016-04-26', '54352', 1, 0, 2900000, 0, '1', 'TRANSFER');

-- --------------------------------------------------------

--
-- Table structure for table `keuangan_transaksi`
--

CREATE TABLE `keuangan_transaksi` (
  `transaksi_id` int(11) NOT NULL,
  `tanggal` datetime NOT NULL,
  `nim` varchar(8) NOT NULL,
  `biaya_kuliah_id` int(11) NOT NULL,
  `jumlah` int(11) NOT NULL,
  `keterangan` text NOT NULL,
  `added_by` int(11) NOT NULL,
  `semester` int(11) NOT NULL,
  `status` int(11) NOT NULL COMMENT 'L=lunas ,1= cicilan ke 1 ,2=cicilan ke 2, 3=cicilan ke 3'
) ENGINE=InnoDB DEFAULT CHARSET=latin1 ROW_FORMAT=COMPACT;

-- --------------------------------------------------------

--
-- Table structure for table `login_attempts`
--

CREATE TABLE `login_attempts` (
  `id` int(11) UNSIGNED NOT NULL,
  `ip_address` varchar(15) NOT NULL,
  `login` varchar(100) NOT NULL,
  `time` int(11) UNSIGNED DEFAULT NULL
) ENGINE=InnoDB DEFAULT CHARSET=utf8 ROW_FORMAT=COMPACT;

-- --------------------------------------------------------

--
-- Table structure for table `mainmenu`
--

CREATE TABLE `mainmenu` (
  `id_mainmenu` int(11) NOT NULL,
  `nama_mainmenu` varchar(100) NOT NULL,
  `icon` varchar(30) NOT NULL,
  `aktif` enum('y','t') NOT NULL,
  `link` varchar(50) NOT NULL,
  `group_id` int(11) NOT NULL COMMENT '1=admin,2=staf admin,3=keuangan'
) ENGINE=InnoDB DEFAULT CHARSET=latin1 ROW_FORMAT=COMPACT;

--
-- Dumping data for table `mainmenu`
--

INSERT INTO `mainmenu` (`id_mainmenu`, `nama_mainmenu`, `icon`, `aktif`, `link`, `group_id`) VALUES
(26, 'master data', 'fa fa-bar-chart-o', 'y', '#', 1),
(27, 'data peserta', 'gi gi-group', 'y', 'peserta', 1),
(28, 'data keuangan', 'gi gi-group', 't', 'keuangan/datakeuangan', 1),
(29, 'keuangan', 'gi gi-money', 'y', '#', 1),
(30, 'pengguna sistem', 'gi gi-qrcode', 'y', 'users', 1),
(31, 'peserta', 'gi gi-group', 'y', 'peserta', 2),
(32, 'pengajar', 'gi gi-user', 'y', 'dosen', 2),
(33, 'materi', 'gi gi-address_book', 'y', 'matakuliah', 2),
(34, 'registrasi', 'hi hi-qrcode', 't', 'registrasi', 1),
(35, 'krs & khs', 'gi gi-display', 'y', '#', 2),
(36, 'jadwal pelatihan', 'gi gi-calendar', 't', 'jadwalkuliah', 2),
(37, 'jadwal', 'gi gi-calendar', 't', 'jadwalkuliah/jadwalngajar', 3),
(38, 'absen', 'gi gi-notes_2', 't', 'absensi', 3),
(39, 'nilai', 'gi gi-stats', 't', 'khs/berinilai', 3),
(40, 'bodata', 'gi gi-user', 'y', 'users/account', 3),
(41, 'front office', 'gi gi-user', 'y', 'frontoffice', 1),
(42, 'faq', 'gi gi-address_book', 'y', 'faq', 1),
(45, 'akademik', 'fa fa-building-o', 't', '#', 1);

-- --------------------------------------------------------

--
-- Table structure for table `makul_kelompok`
--

CREATE TABLE `makul_kelompok` (
  `kelompok_id` int(11) NOT NULL,
  `kode_kelompok` varchar(5) NOT NULL,
  `nama` varchar(50) NOT NULL
) ENGINE=InnoDB DEFAULT CHARSET=latin1 ROW_FORMAT=COMPACT;

--
-- Dumping data for table `makul_kelompok`
--

INSERT INTO `makul_kelompok` (`kelompok_id`, `kode_kelompok`, `nama`) VALUES
(1, 'mpk', 'mata kuliah pengembangan keperibadian'),
(2, 'mkk', 'mata kuliah pengembangan keilmuan dan keterampilan'),
(3, 'mkb', 'mata kuliah keahlian berkarya'),
(4, 'mpb', 'mata kuliah perilaku berkarya'),
(5, 'mbb', 'matakuliah berkehidupan bermasyarakat');

-- --------------------------------------------------------

--
-- Table structure for table `makul_matakuliah`
--

CREATE TABLE `makul_matakuliah` (
  `makul_id` int(11) NOT NULL,
  `kode_makul` varchar(11) NOT NULL,
  `nama_makul` varchar(60) NOT NULL,
  `sks` int(11) NOT NULL,
  `semester` int(1) NOT NULL,
  `konsentrasi_id` int(3) NOT NULL,
  `kelompok_id` int(1) NOT NULL,
  `aktif` enum('y','n') NOT NULL,
  `jam` int(11) NOT NULL
) ENGINE=InnoDB DEFAULT CHARSET=latin1 ROW_FORMAT=COMPACT;

--
-- Dumping data for table `makul_matakuliah`
--

INSERT INTO `makul_matakuliah` (`makul_id`, `kode_makul`, `nama_makul`, `sks`, `semester`, `konsentrasi_id`, `kelompok_id`, `aktif`, `jam`) VALUES
(1, 'DTIKB01', 'STRUKTUR DATA', 4, 1, 3, 2, 'n', 4),
(2, 'DTIKB011', 'KONSEP PEMROGRAMAN', 4, 1, 3, 2, 'y', 4),
(3, 'DTIKB012', 'PRAKTEK KONSEP PEMROGRAMAN', 4, 1, 3, 2, 'y', 4),
(4, 'DTIKB02', 'SISTEM OPERASI 1', 4, 1, 3, 2, 'y', 4),
(5, 'DTIKB03', 'SISTEM OPERASI 2', 4, 1, 3, 2, 'y', 4),
(6, 'DTIKB04', 'PEMROGRAMAN DELPHI', 4, 1, 3, 2, 'y', 4),
(7, 'DTIKB05', 'JARINGAN KOMPUTER 1', 4, 2, 3, 2, 'y', 4),
(8, 'DTIKB06', 'APLIKASI DAN TEKNOLOGI WEB', 4, 2, 3, 2, 'y', 4),
(9, 'DTIKB07', 'KOMUNIKASI DATA', 4, 2, 3, 2, 'y', 4),
(10, 'DTIKB08', 'DESAIN BERBASIS KOMPUTER', 4, 2, 3, 2, 'y', 4),
(11, 'DTIKB09', 'MIKROPROSESOR', 4, 2, 3, 2, 'y', 4),
(12, 'DTIKB10', 'INTERFACING PERIPHERAL KOMPUTER', 4, 2, 3, 2, 'y', 4),
(13, 'DTIKB11', 'ARSITEKTUR KOMPUTER 1', 4, 3, 3, 2, 'y', 4),
(14, 'DTIKB12', 'ARSITEKTUR KOMPUTER 2', 4, 3, 3, 2, 'y', 4),
(15, 'DTIKB13', 'PERALATAN ELEKTRONIKA', 4, 3, 3, 2, 'y', 4),
(16, 'DTIKB14', 'TROUBLESHOOTING', 4, 3, 3, 2, 'y', 4),
(17, 'DTIKB15', 'PEMROGRAMAN BASIS DATA', 4, 3, 3, 2, 'y', 4),
(18, 'DTIKB16', 'SISTEM INFORMASI MANAJEMEN', 4, 3, 3, 2, 'y', 4),
(19, 'DTIKB17', 'PERANCANGAN SISTEM INFORMASI', 4, 4, 3, 2, 'y', 4),
(20, 'DTIKB18', 'PENGOLAHAN CITRA DIGITAL', 4, 4, 3, 2, 'y', 4),
(21, 'DTIKB19', 'RANGKAIAN DIGITAL', 4, 4, 3, 2, 'y', 4),
(22, 'DTIKB20', 'PEMROGRAMAN BAHASA C++', 4, 4, 3, 2, 'y', 4),
(23, 'DTIKB21', 'PEMROGRAMAN VISUAL', 4, 4, 3, 2, 'y', 4),
(24, 'DTIKB22', 'KOMPUTER GRAFIS', 4, 4, 3, 2, 'y', 4),
(25, 'DTIKB23', 'WIRELESS & MOBILE COMM', 4, 5, 3, 2, 'y', 4),
(26, 'DTIKB24', 'REKAYASA PERANGKAT LUNAK', 4, 5, 3, 2, 'y', 4),
(27, 'DTIKB25', 'SISTEM KEAMANAN JARINGAN', 4, 5, 3, 2, 'y', 4),
(28, 'DTIKB26', 'PEMROGRAMAN BERBASIS OBJEK', 4, 5, 3, 2, 'y', 4),
(29, 'DTIKB27', 'ROBOTIK', 4, 5, 3, 2, 'y', 4),
(30, 'DTIKB28', 'SISTEM MULTIMEDIA', 4, 5, 3, 2, 'y', 4),
(31, 'DTIKB29', 'KOMPUTER ANIMASI', 4, 6, 3, 2, 'y', 4),
(32, 'DTIKB30', 'SIMULASI & PEMODELAN', 4, 6, 3, 2, 'y', 4),
(33, 'DTIKB31', 'PENGOLAHAN SINYAL DIGITAL', 4, 6, 3, 2, 'y', 4),
(34, 'DTIKB32', 'KECERDASAN BUATAN', 4, 6, 3, 2, 'y', 4),
(35, 'DTIKB33', 'DATA WAREHOUSE', 4, 6, 3, 2, 'y', 4),
(36, 'DTIKB34', 'JARINGAN KOMPUTER 2', 4, 6, 3, 2, 'y', 4),
(37, 'DTIKB35', 'PRAKTEK BASIS DATA', 4, 7, 3, 2, 'y', 4),
(38, 'DTIKB36', 'PRAKTEK JARINGAN', 4, 7, 3, 2, 'y', 4),
(39, 'DTIKB37', 'PRAKTEK PEMOGRAMAN', 4, 7, 3, 2, 'y', 4),
(40, 'DTIKB38', 'PRAKTEK PEMOGRAMAN WEB', 4, 7, 3, 2, 'y', 4),
(41, 'DTIKB39', 'DATA MINING', 4, 7, 3, 2, 'y', 4),
(42, 'DTIKB40', 'MACHINE LEARNING', 4, 7, 3, 2, 'y', 4),
(43, 'DTIKB41', 'KEAMANAN DATA', 4, 8, 3, 2, 'y', 4),
(44, 'DTIKB42', 'PRAKTEK KEAMANAN DATA', 4, 8, 3, 2, 'y', 4),
(45, 'DTIKB43', 'ISSU PROFESIONAL DAN SOSIAL IT', 4, 8, 3, 2, 'y', 4),
(46, 'DTIKK01', 'MATEMATIKA 1', 4, 8, 3, 2, 'y', 4),
(47, 'DTIKK02', 'MATEMATIKA 2', 4, 8, 3, 2, 'y', 4),
(48, 'DTIKK03', 'STATISTIK & PROBABILITAS', 4, 8, 3, 2, 'y', 4),
(49, 'DTIKK04', 'PERANGKAT LUNAK APLIKASI', 4, 9, 3, 2, 'y', 4);

-- --------------------------------------------------------

--
-- Table structure for table `outbox`
--

CREATE TABLE `outbox` (
  `UpdatedInDB` timestamp NOT NULL DEFAULT current_timestamp() ON UPDATE current_timestamp(),
  `InsertIntoDB` timestamp NOT NULL DEFAULT '0000-00-00 00:00:00',
  `SendingDateTime` timestamp NOT NULL DEFAULT '0000-00-00 00:00:00',
  `Text` text DEFAULT NULL,
  `DestinationNumber` varchar(20) NOT NULL DEFAULT '',
  `Coding` enum('Default_No_Compression','Unicode_No_Compression','8bit','Default_Compression','Unicode_Compression') NOT NULL DEFAULT 'Default_No_Compression',
  `UDH` text DEFAULT NULL,
  `Class` int(11) DEFAULT -1,
  `TextDecoded` text NOT NULL,
  `ID` int(10) UNSIGNED NOT NULL,
  `MultiPart` enum('false','true') DEFAULT 'false',
  `RelativeValidity` int(11) DEFAULT -1,
  `SenderID` varchar(255) DEFAULT NULL,
  `SendingTimeOut` timestamp NULL DEFAULT NULL,
  `DeliveryReport` enum('default','yes','no') DEFAULT 'default',
  `CreatorID` text NOT NULL
) ENGINE=MyISAM DEFAULT CHARSET=utf8 ROW_FORMAT=DYNAMIC;

--
-- Dumping data for table `outbox`
--

INSERT INTO `outbox` (`UpdatedInDB`, `InsertIntoDB`, `SendingDateTime`, `Text`, `DestinationNumber`, `Coding`, `UDH`, `Class`, `TextDecoded`, `ID`, `MultiPart`, `RelativeValidity`, `SenderID`, `SendingTimeOut`, `DeliveryReport`, `CreatorID`) VALUES
('2014-05-12 16:23:21', '0000-00-00 00:00:00', '0000-00-00 00:00:00', NULL, '082121473036', 'Default_No_Compression', NULL, -1, 'Biaya Tunggakan Keuangan anak anda adalah 3500000', 46, 'false', -1, 'keuangan', '0000-00-00 00:00:00', 'default', 'Nuris'),
('2014-05-12 16:23:21', '0000-00-00 00:00:00', '0000-00-00 00:00:00', NULL, '082121473036', 'Default_No_Compression', NULL, -1, 'Biaya Tunggakan Keuangan anak anda adalah 3500000', 45, 'false', -1, 'keuangan', '0000-00-00 00:00:00', 'default', 'Nuris'),
('2014-05-12 16:23:17', '0000-00-00 00:00:00', '0000-00-00 00:00:00', NULL, '082121473036', 'Default_No_Compression', NULL, -1, 'Biaya Tunggakan Keuangan anak anda adalah 3500000', 44, 'false', -1, 'keuangan', '0000-00-00 00:00:00', 'default', 'Nuris'),
('2014-05-12 16:23:02', '0000-00-00 00:00:00', '0000-00-00 00:00:00', NULL, '082121473036', 'Default_No_Compression', NULL, -1, 'Biaya Tunggakan Keuangan anak anda adalah 3500000', 42, 'false', -1, 'keuangan', '0000-00-00 00:00:00', 'default', 'Nuris'),
('2014-05-12 16:23:17', '0000-00-00 00:00:00', '0000-00-00 00:00:00', NULL, '082121473036', 'Default_No_Compression', NULL, -1, 'Biaya Tunggakan Keuangan anak anda adalah 3500000', 43, 'false', -1, 'keuangan', '0000-00-00 00:00:00', 'default', 'Nuris'),
('2014-05-12 16:23:02', '0000-00-00 00:00:00', '0000-00-00 00:00:00', NULL, '082121473036', 'Default_No_Compression', NULL, -1, 'Biaya Tunggakan Keuangan anak anda adalah 3500000', 41, 'false', -1, 'keuangan', '0000-00-00 00:00:00', 'default', 'Nuris'),
('2014-05-12 16:24:02', '0000-00-00 00:00:00', '0000-00-00 00:00:00', NULL, '082121473036', 'Default_No_Compression', NULL, -1, 'Biaya Tunggakan Keuangan anak anda adalah 3500000', 47, 'false', -1, 'keuangan', '0000-00-00 00:00:00', 'default', 'Nuris'),
('2014-05-12 16:24:02', '0000-00-00 00:00:00', '0000-00-00 00:00:00', NULL, '082121473036', 'Default_No_Compression', NULL, -1, 'Biaya Tunggakan Keuangan anak anda adalah 3500000', 48, 'false', -1, 'keuangan', '0000-00-00 00:00:00', 'default', 'Nuris'),
('2014-05-22 10:14:25', '0000-00-00 00:00:00', '0000-00-00 00:00:00', NULL, '082121473036', 'Default_No_Compression', NULL, -1, 'Biaya Tunggakan Keuangan anak anda adalah -500000', 49, 'false', -1, 'keuangan', '0000-00-00 00:00:00', 'default', 'Nuris'),
('2014-05-22 10:14:25', '0000-00-00 00:00:00', '0000-00-00 00:00:00', NULL, '082121473036', 'Default_No_Compression', NULL, -1, 'Biaya Tunggakan Keuangan anak anda adalah 4750000', 50, 'false', -1, 'keuangan', '0000-00-00 00:00:00', 'default', 'Nuris');

-- --------------------------------------------------------

--
-- Table structure for table `outbox_multipart`
--

CREATE TABLE `outbox_multipart` (
  `Text` text DEFAULT NULL,
  `Coding` enum('Default_No_Compression','Unicode_No_Compression','8bit','Default_Compression','Unicode_Compression') NOT NULL DEFAULT 'Default_No_Compression',
  `UDH` text DEFAULT NULL,
  `Class` int(11) DEFAULT -1,
  `TextDecoded` text DEFAULT NULL,
  `ID` int(10) UNSIGNED NOT NULL DEFAULT 0,
  `SequencePosition` int(11) NOT NULL DEFAULT 1
) ENGINE=MyISAM DEFAULT CHARSET=utf8 ROW_FORMAT=DYNAMIC;

-- --------------------------------------------------------

--
-- Table structure for table `pbk`
--

CREATE TABLE `pbk` (
  `ID` int(11) NOT NULL,
  `GroupID` int(11) NOT NULL DEFAULT -1,
  `Name` text NOT NULL,
  `Number` text NOT NULL
) ENGINE=MyISAM DEFAULT CHARSET=utf8 ROW_FORMAT=DYNAMIC;

-- --------------------------------------------------------

--
-- Table structure for table `pbk_groups`
--

CREATE TABLE `pbk_groups` (
  `Name` text NOT NULL,
  `ID` int(11) NOT NULL
) ENGINE=MyISAM DEFAULT CHARSET=utf8 ROW_FORMAT=DYNAMIC;

-- --------------------------------------------------------

--
-- Table structure for table `phones`
--

CREATE TABLE `phones` (
  `ID` text NOT NULL,
  `UpdatedInDB` timestamp NOT NULL DEFAULT current_timestamp() ON UPDATE current_timestamp(),
  `InsertIntoDB` timestamp NOT NULL DEFAULT '0000-00-00 00:00:00',
  `TimeOut` timestamp NOT NULL DEFAULT '0000-00-00 00:00:00',
  `Send` enum('yes','no') NOT NULL DEFAULT 'no',
  `Receive` enum('yes','no') NOT NULL DEFAULT 'no',
  `IMEI` varchar(35) NOT NULL,
  `Client` text NOT NULL,
  `Battery` int(11) NOT NULL DEFAULT 0,
  `Signal` int(11) NOT NULL DEFAULT 0,
  `Sent` int(11) NOT NULL DEFAULT 0,
  `Received` int(11) NOT NULL DEFAULT 0
) ENGINE=MyISAM DEFAULT CHARSET=utf8 ROW_FORMAT=DYNAMIC;

--
-- Dumping data for table `phones`
--

INSERT INTO `phones` (`ID`, `UpdatedInDB`, `InsertIntoDB`, `TimeOut`, `Send`, `Receive`, `IMEI`, `Client`, `Battery`, `Signal`, `Sent`, `Received`) VALUES
('keuangan', '2014-05-12 08:27:43', '2014-05-12 06:20:24', '2014-05-12 08:27:53', 'yes', 'yes', '354058180822796', 'Gammu 1.28.90, Windows Server 2007, GCC 4.4, MinGW 3.13', 0, 0, 3, 0);

-- --------------------------------------------------------

--
-- Table structure for table `sentitems`
--

CREATE TABLE `sentitems` (
  `UpdatedInDB` timestamp NOT NULL DEFAULT current_timestamp() ON UPDATE current_timestamp(),
  `InsertIntoDB` timestamp NOT NULL DEFAULT '0000-00-00 00:00:00',
  `SendingDateTime` timestamp NOT NULL DEFAULT '0000-00-00 00:00:00',
  `DeliveryDateTime` timestamp NULL DEFAULT NULL,
  `Text` text NOT NULL,
  `DestinationNumber` varchar(20) NOT NULL DEFAULT '',
  `Coding` enum('Default_No_Compression','Unicode_No_Compression','8bit','Default_Compression','Unicode_Compression') NOT NULL DEFAULT 'Default_No_Compression',
  `UDH` text NOT NULL,
  `SMSCNumber` varchar(20) NOT NULL DEFAULT '',
  `Class` int(11) NOT NULL DEFAULT -1,
  `TextDecoded` text NOT NULL,
  `ID` int(10) UNSIGNED NOT NULL DEFAULT 0,
  `SenderID` varchar(255) NOT NULL,
  `SequencePosition` int(11) NOT NULL DEFAULT 1,
  `Status` enum('SendingOK','SendingOKNoReport','SendingError','DeliveryOK','DeliveryFailed','DeliveryPending','DeliveryUnknown','Error') NOT NULL DEFAULT 'SendingOK',
  `StatusError` int(11) NOT NULL DEFAULT -1,
  `TPMR` int(11) NOT NULL DEFAULT -1,
  `RelativeValidity` int(11) NOT NULL DEFAULT -1,
  `CreatorID` text NOT NULL
) ENGINE=MyISAM DEFAULT CHARSET=utf8 ROW_FORMAT=DYNAMIC;

--
-- Dumping data for table `sentitems`
--

INSERT INTO `sentitems` (`UpdatedInDB`, `InsertIntoDB`, `SendingDateTime`, `DeliveryDateTime`, `Text`, `DestinationNumber`, `Coding`, `UDH`, `SMSCNumber`, `Class`, `TextDecoded`, `ID`, `SenderID`, `SequencePosition`, `Status`, `StatusError`, `TPMR`, `RelativeValidity`, `CreatorID`) VALUES
('2014-04-28 06:08:17', '0000-00-00 00:00:00', '2014-04-28 06:08:17', NULL, '00740065007300740069006E006700200073006D0073002000700065007200740061006D0061', '082121473036', 'Default_No_Compression', '', '+6289644000001', -1, 'testing sms pertama', 1, 'testingSMS', 1, 'SendingOKNoReport', -1, 19, 255, 'Gammu 1.28.90'),
('2014-04-28 06:26:31', '0000-00-00 00:00:00', '2014-04-28 06:26:31', NULL, '007400650073007400200073006D00730020006B0065006400750061', '082121473036', 'Default_No_Compression', '', '+6289644000001', -1, 'test sms kedua', 2, 'testingSMS', 1, 'SendingError', -1, -1, 255, 'nuris'),
('2014-04-28 06:28:50', '0000-00-00 00:00:00', '2014-04-28 06:28:50', NULL, '006800680068006800680068', '082121473036', 'Default_No_Compression', '', '+6289644000001', -1, 'hhhhhh', 8, 'testingSMS', 1, 'SendingOKNoReport', -1, 20, 255, 'Gammu 1.28.90'),
('2014-04-28 06:28:53', '0000-00-00 00:00:00', '2014-04-28 06:28:53', NULL, '00680061006C006C006F0020006E0075007200690073', '082121473036', 'Default_No_Compression', '', '+6289644000001', -1, 'hallo nuris', 3, 'testingSMS', 1, 'SendingOKNoReport', -1, 21, 255, 'Gammu'),
('2014-04-28 06:28:56', '0000-00-00 00:00:00', '2014-04-28 06:28:56', NULL, '00680061006C006C006F0020006E0075007200690073', '082121473036', 'Default_No_Compression', '', '+6289644000001', -1, 'hallo nuris', 4, 'testingSMS', 1, 'SendingOKNoReport', -1, 22, 255, 'Gammu'),
('2014-04-28 06:29:00', '0000-00-00 00:00:00', '2014-04-28 06:29:00', NULL, '0068006100690020006E007500720069007300200061006B006200610072', '082121473036', 'Default_No_Compression', '', '+6289644000001', -1, 'hai nuris akbar', 5, 'testingSMS', 1, 'SendingOKNoReport', -1, 23, 255, 'Gammu 1.28.90'),
('2014-04-28 06:29:03', '0000-00-00 00:00:00', '2014-04-28 06:29:03', NULL, '0068006100690020006E007500720069007300200061006B0062006100720032', '082121473036', 'Default_No_Compression', '', '+6289644000001', -1, 'hai nuris akbar2', 6, 'testingSMS', 1, 'SendingOKNoReport', -1, 24, 255, 'Gammu 1.28.90'),
('2014-04-28 06:29:06', '0000-00-00 00:00:00', '2014-04-28 06:29:06', NULL, '00630063006300630063', '082121473036', 'Default_No_Compression', '', '+6289644000001', -1, 'ccccc', 7, 'testingSMS', 1, 'SendingOKNoReport', -1, 25, 255, 'Gammu 1.28.90'),
('2014-04-28 06:29:09', '0000-00-00 00:00:00', '2014-04-28 06:29:09', NULL, '006B006B006B006B006B', '082121473036', 'Default_No_Compression', '', '+6289644000001', -1, 'kkkkk', 9, 'testingSMS', 1, 'SendingOKNoReport', -1, 26, 255, 'Gammu 1.28.90'),
('2014-04-28 06:45:17', '0000-00-00 00:00:00', '2014-04-28 06:45:17', NULL, '0063006F006200610020006B006900720069006D0020006400610072006900200063006F0064006500690067006E0069007400650072', '082121473036', 'Default_No_Compression', '', '+6289644000001', -1, 'coba kirim dari codeigniter', 10, 'testingSMS', 1, 'SendingOKNoReport', -1, 27, 255, 'Gammu 1.28.90'),
('2014-04-28 06:45:21', '0000-00-00 00:00:00', '2014-04-28 06:45:21', NULL, '0063006F006200610020006B006900720069006D0020006400610072006900200063006F0064006500690067006E00690074006500720020006B0065006400750061', '082121473036', 'Default_No_Compression', '', '+6289644000001', -1, 'coba kirim dari codeigniter kedua', 11, 'testingSMS', 1, 'SendingOKNoReport', -1, 28, 255, 'Gammu 1.28.90'),
('2014-04-28 06:45:56', '0000-00-00 00:00:00', '2014-04-28 06:45:56', NULL, '0063006F006200610020006B006900720069006D0020006400610072006900200063006F0064006500690067006E00690074006500720020006B00650074006900670061', '082121473036', 'Default_No_Compression', '', '+6289644000001', -1, 'coba kirim dari codeigniter ketiga', 12, 'testingSMS', 1, 'SendingOKNoReport', -1, 29, 255, 'Gammu 1.28.90'),
('2014-04-28 06:49:01', '0000-00-00 00:00:00', '2014-04-28 06:49:01', NULL, '006800610069002000620072006F', '082121473036', 'Default_No_Compression', '', '+6289644000001', -1, 'hai bro', 13, 'testingSMS', 1, 'SendingOKNoReport', -1, 30, 255, 'Gammu 1.28.90'),
('2014-04-28 07:30:10', '0000-00-00 00:00:00', '2014-04-28 07:30:10', NULL, '0057006500620020006F006600200049006E0066006F0072006D006100740069006F006E002000530079007300740065006D0020006F006600200041006B006100640065006D00690063002000500072006F006700720061006D00200053007400750064007900200049006E0073007400720075006D0065006E0074006100740069006F006E000D000A00200020002000200020002000200020002000200020002000200020002000200061006E006400200045006C0065006300740072006F006E006900630073002000680061007600650020006200650065006E002000640065007300690067006E0065006400200061006E0064002000630061006E0020006200650020006100630063006500730073006500640020007400680072006F00750067006800200069006E007400650072', '082121473036', 'Default_No_Compression', '0500038C0301', '+6289644000001', -1, 'Web of Information System of Akademic Program Study Instrumentation\r\n                and Electronics have been designed and can be accessed through inter', 15, 'testingSMS', 1, 'SendingOKNoReport', -1, 31, 255, 'Gammu'),
('2014-04-28 07:30:14', '0000-00-00 00:00:00', '2014-04-28 07:30:14', NULL, '006E00650074002E0020004200790020007700650062000D000A002000200020002000200020002000200020002000200020002000200020002000740068006500200061006C006C00200069006E0066006F0072006D006100740069006F006E002000610062006F007500740020006B006E006F007700610062006C006500200061006B006100640065006D00690063002E000D000A0020002000200020002000200020002000200020002000200020002000200020005700650062002000640065007300690067006E0065006400200072006500700072006500730065006E0074002000640079006E0061006D00690063002000770065006200200073006F00200074006800610074002000630061006E0020006D0061006B0065002000610020006300680061006E0067006500200064', '082121473036', 'Default_No_Compression', '0500038C0302', '+6289644000001', -1, 'net. By web\r\n                the all information about knowable akademic.\r\n                Web designed represent dynamic web so that can make a change d', 15, 'testingSMS', 2, 'SendingOKNoReport', -1, 32, 255, 'Gammu'),
('2014-04-28 07:30:16', '0000-00-00 00:00:00', '2014-04-28 07:30:16', NULL, '006100740061002000610074002E', '082121473036', 'Default_No_Compression', '0500038C0303', '+6289644000001', -1, 'ata at.', 15, 'testingSMS', 3, 'SendingOKNoReport', -1, 33, 255, 'Gammu'),
('2014-05-11 16:21:47', '0000-00-00 00:00:00', '2014-05-11 16:21:47', NULL, '0067006600670066006700660067', '082121473036', 'Default_No_Compression', '', '+6289644000001', -1, 'gfgfgfg', 23, 'keuangan', 1, 'SendingOKNoReport', -1, 134, 255, 'Gammu 1.28.90'),
('2014-05-12 06:20:58', '0000-00-00 00:00:00', '2014-05-12 06:20:58', NULL, '0074006500730020006B006900720069006D00200073006D0073', '082121473036', 'Default_No_Compression', '', '+6289644000001', -1, 'tes kirim sms', 36, 'keuangan', 1, 'SendingOKNoReport', -1, 160, 255, 'Gammu 1.28.90'),
('2014-05-12 06:25:35', '0000-00-00 00:00:00', '2014-05-12 06:25:35', NULL, '00420069006100790061002000540075006E006700670061006B0061006E0020004B006500750061006E00670061006E00200061006E0061006B00200061006E006400610020006100640061006C0061006800200033003500300030003000300030', '082121473036', 'Default_No_Compression', '', '+6289644000001', -1, 'Biaya Tunggakan Keuangan anak anda adalah 3500000', 40, 'keuangan', 1, 'SendingOKNoReport', -1, 161, 255, 'Nuris'),
('2014-05-12 06:25:38', '0000-00-00 00:00:00', '2014-05-12 06:25:38', NULL, '00420069006100790061002000540075006E006700670061006B0061006E0020004B006500750061006E00670061006E00200061006E0061006B00200061006E006400610020006100640061006C0061006800200031003400300030003000300030', '082121473036', 'Default_No_Compression', '', '+6289644000001', -1, 'Biaya Tunggakan Keuangan anak anda adalah 1400000', 39, 'keuangan', 1, 'SendingOKNoReport', -1, 162, 255, 'Nuris');

-- --------------------------------------------------------

--
-- Table structure for table `setting`
--

CREATE TABLE `setting` (
  `id` int(11) NOT NULL,
  `nama_kampus` varchar(160) NOT NULL,
  `alamat_kampus` text NOT NULL,
  `telpon` varchar(12) NOT NULL
) ENGINE=InnoDB DEFAULT CHARSET=latin1 ROW_FORMAT=COMPACT;

--
-- Dumping data for table `setting`
--

INSERT INTO `setting` (`id`, `nama_kampus`, `alamat_kampus`, `telpon`) VALUES
(1, 'politeknik tedc bandung1', 'cimahi', '0218765431');

-- --------------------------------------------------------

--
-- Table structure for table `student_angkatan`
--

CREATE TABLE `student_angkatan` (
  `angkatan_id` int(11) NOT NULL,
  `keterangan` varchar(15) NOT NULL,
  `aktif` varchar(1) NOT NULL COMMENT 'y = aktif dan n = tidak'
) ENGINE=InnoDB DEFAULT CHARSET=latin1 ROW_FORMAT=COMPACT;

--
-- Dumping data for table `student_angkatan`
--

INSERT INTO `student_angkatan` (`angkatan_id`, `keterangan`, `aktif`) VALUES
(1, '2014', 'n'),
(2, '2015', 'n'),
(3, '2016', 'y');

-- --------------------------------------------------------

--
-- Table structure for table `student_mahasiswa`
--

CREATE TABLE `student_mahasiswa` (
  `mahasiswa_id` int(11) NOT NULL,
  `nim` varchar(13) NOT NULL,
  `no_ktp` int(20) NOT NULL,
  `nama` varchar(50) NOT NULL,
  `konsentrasi_id` int(2) NOT NULL COMMENT 'angkatan pelatihan',
  `angkatan_id` int(4) NOT NULL COMMENT 'tahun pelatihan',
  `alamat` text NOT NULL,
  `no_tlp_rumah` varchar(15) NOT NULL,
  `gender` varchar(1) NOT NULL COMMENT '1=Laki-laki, 2=Perempuan',
  `agama_id` int(11) NOT NULL,
  `tempat_lahir` varchar(100) NOT NULL,
  `tanggal_lahir` date NOT NULL,
  `email` varchar(40) NOT NULL,
  `no_hp1` varchar(15) NOT NULL,
  `no_hp2` varchar(15) NOT NULL,
  `pend_terakhir` varchar(30) NOT NULL,
  `nama_perus` varchar(80) NOT NULL,
  `bidang_usaha` varchar(20) NOT NULL,
  `no_tlp_perus` varchar(12) NOT NULL,
  `alamat_ktr` text NOT NULL,
  `bagian` varchar(20) NOT NULL,
  `jabatan` varchar(20) NOT NULL,
  `nama_univ` varchar(30) NOT NULL,
  `sem` int(11) NOT NULL,
  `jurusan` varchar(30) NOT NULL,
  `waktu_id` text NOT NULL,
  `gedung_id` int(11) NOT NULL,
  `metode` varchar(20) NOT NULL,
  `sumber` varchar(11) NOT NULL,
  `alasan` varchar(11) NOT NULL,
  `kirim_materi` varchar(5) NOT NULL,
  `ktp` varchar(255) NOT NULL,
  `foto` varchar(255) NOT NULL,
  `bukti` varchar(255) NOT NULL,
  `mekanisme` varchar(255) NOT NULL,
  `gl` varchar(255) NOT NULL,
  `ket` mediumtext NOT NULL,
  `status` mediumtext NOT NULL COMMENT '1=Non-Aktif, 2=Aktif',
  `semester` int(11) NOT NULL,
  `semester_aktif` int(11) NOT NULL
) ENGINE=InnoDB DEFAULT CHARSET=latin1 ROW_FORMAT=COMPACT;

--
-- Dumping data for table `student_mahasiswa`
--

INSERT INTO `student_mahasiswa` (`mahasiswa_id`, `nim`, `no_ktp`, `nama`, `konsentrasi_id`, `angkatan_id`, `alamat`, `no_tlp_rumah`, `gender`, `agama_id`, `tempat_lahir`, `tanggal_lahir`, `email`, `no_hp1`, `no_hp2`, `pend_terakhir`, `nama_perus`, `bidang_usaha`, `no_tlp_perus`, `alamat_ktr`, `bagian`, `jabatan`, `nama_univ`, `sem`, `jurusan`, `waktu_id`, `gedung_id`, `metode`, `sumber`, `alasan`, `kirim_materi`, `ktp`, `foto`, `bukti`, `mekanisme`, `gl`, `ket`, `status`, `semester`, `semester_aktif`) VALUES
(18, '54352', 243243, 'Sulimah', 3, 3, '', '', '2', 1, '', '0000-00-00', 'test@test.com', '0888', '', '', '', '', '', '', '', '', '', 1, '', '0', 2, 'Lunas', '', '', 'Tidak', 'uploads/ktp/workshop pajak 2016.jpg', 'uploads/foto/TPA.jpg', 'uploads/bukti/CPA Lama.jpg', 'uploads/mekanisme/HOME.jpg', 'uploads/gl/Office.jpg', 'Akan transfer minggu ini', '2', 0, 0),
(20, '123', 123, 'test', 18, 3, '', '', '1', 1, '', '0000-00-00', '', '', '', '', '', '', '', '', '', '', '', 1, '', '0', 3, 'Lunas', '', '', 'Ya', 'uploads/ktp/', 'uploads/foto/', 'uploads/bukti/', 'uploads/mekanisme/', 'uploads/gl/', 'ok', '1', 0, 0),
(21, '12345', 222, 'Sulimah', 0, 3, '', '', '1', 1, 'Jakarta', '2016-11-07', 'sulimah.16@gmail.com', '0811111111', '', '', '', '', '', '', '', '', '', 1, '', '0', 2, 'Lunas', 'a', 'f', 'Ya', 'uploads/ktp/', 'uploads/foto/', 'uploads/bukti/', 'uploads/mekanisme/', 'uploads/gl/', '', '1', 0, 0);

-- --------------------------------------------------------

--
-- Table structure for table `submenu`
--

CREATE TABLE `submenu` (
  `id_submenu` int(11) NOT NULL,
  `id_mainmenu` int(11) NOT NULL,
  `nama_submenu` varchar(50) NOT NULL,
  `link` varchar(50) NOT NULL,
  `aktif` enum('y','t') NOT NULL,
  `icon` varchar(30) NOT NULL,
  `group_id` int(11) NOT NULL
) ENGINE=InnoDB DEFAULT CHARSET=latin1 ROW_FORMAT=COMPACT;

--
-- Dumping data for table `submenu`
--

INSERT INTO `submenu` (`id_submenu`, `id_mainmenu`, `nama_submenu`, `link`, `aktif`, `icon`, `group_id`) VALUES
(70, 28, 'tahun pelatihan', 'tahunakademik', 't', 'gi gi-calendar', 1),
(71, 26, 'lokasi', 'gedung', 't', 'gi gi-cargo', 1),
(72, 26, 'ruangan', 'ruangan', 't', 'gi gi-bank', 1),
(73, 28, 'materi', 'matakuliah', 't', 'gi gi-book_open', 1),
(74, 26, 'master pelatihan', 'prodi', 'y', 'gi gi-table', 1),
(75, 26, 'angkatan pelatihan', 'konsentrasi', 't', 'fa fa-credit-card', 1),
(76, 26, 'pengajar', 'dosen', 't', 'gi gi-parents', 1),
(77, 28, 'jadwal', 'jadwalkuliah', 't', 'fa fa-calendar', 1),
(78, 26, 'kelompok materi', 'kelompokmatakuliah', 't', 'gi gi-address_book', 1),
(79, 29, 'form pembayaran', 'keuangan/pembayaran', 'y', 'gi gi-coins', 1),
(80, 29, 'input biaya', 'jenisbayar', 't', 'fa fa-puzzle-piece', 1),
(81, 29, 'biaya pelatihan', 'setupbiayakuliah', 't', 'fa fa-money', 1),
(82, 29, 'laporan keuangan', 'keuangan/laporan', 't', 'gi gi-notes_2', 1),
(83, 28, 'registrasi', 'registrasi', 't', 'fa fa-keyboard-o', 1),
(84, 28, 'kartu rencana studi', 'krs/lihat', 't', 'gi gi-cart_in', 1),
(85, 35, 'kartu rencana studi', 'krs/lihat', 't', 'gi gi-notes_2', 0),
(86, 35, 'kartu rencana studi', 'khs', 't', 'hi hi-list-alt', 0),
(87, 26, 'grade nilai', 'grade', 't', 'gi gi-credit_card', 0),
(88, 28, 'kartu hasil studi', 'khs', 't', 'gi gi-notes', 0),
(89, 26, 'tahun angkatan', 'tahunangkatan', 't', 'gi gi-calendar', 0),
(90, 29, 'Data Keuangan', 'keuangan/datakeuangan', 'y', 'gi gi-group', 1),
(91, 26, 'Nama Pelatihan', 'prodi/namaPelatihan', 'y', 'gi gi-table', 1),
(92, 29, 'update pembayaran', 'keuangan/updatePembayaran', 'y', 'gi gi-coins', 1),
(93, 0, '', '', 'y', '', 1);

-- --------------------------------------------------------

--
-- Table structure for table `tbl_hari`
--

CREATE TABLE `tbl_hari` (
  `id_hari` int(255) DEFAULT NULL,
  `hari` varchar(255) DEFAULT NULL
) ENGINE=InnoDB DEFAULT CHARSET=latin1 ROW_FORMAT=COMPACT;

-- --------------------------------------------------------

--
-- Table structure for table `tbl_history_pembayaran`
--

CREATE TABLE `tbl_history_pembayaran` (
  `kd_bayar` int(11) NOT NULL,
  `no_ttp` varchar(255) DEFAULT NULL,
  `jns_pembayaran` varchar(255) DEFAULT NULL,
  `tgl_bayar` date DEFAULT NULL,
  `potongan` int(11) DEFAULT NULL,
  `nominal_bayar` int(11) DEFAULT NULL,
  `piutang` varchar(255) DEFAULT NULL,
  `kd_pel_peserta` int(11) DEFAULT NULL
) ENGINE=InnoDB DEFAULT CHARSET=latin1 ROW_FORMAT=COMPACT;

-- --------------------------------------------------------

--
-- Table structure for table `tbl_jns_pelatihan`
--

CREATE TABLE `tbl_jns_pelatihan` (
  `kd_jns_pelatihan` int(11) NOT NULL,
  `nama_jns_pelatihan` varchar(255) DEFAULT NULL,
  `status` varchar(255) DEFAULT NULL
) ENGINE=InnoDB DEFAULT CHARSET=latin1 ROW_FORMAT=COMPACT;

-- --------------------------------------------------------

--
-- Table structure for table `tbl_jns_pembayaran`
--

CREATE TABLE `tbl_jns_pembayaran` (
  `id_jns_pembayaran` int(11) NOT NULL,
  `nama_jns_pembayaran` varchar(255) DEFAULT NULL
) ENGINE=InnoDB DEFAULT CHARSET=latin1 ROW_FORMAT=COMPACT;

--
-- Dumping data for table `tbl_jns_pembayaran`
--

INSERT INTO `tbl_jns_pembayaran` (`id_jns_pembayaran`, `nama_jns_pembayaran`) VALUES
(1, 'CASH'),
(2, 'CICILAN'),
(3, 'PERUSAHAAN');

-- --------------------------------------------------------

--
-- Table structure for table `tbl_komentar`
--

CREATE TABLE `tbl_komentar` (
  `id_komentar` int(11) NOT NULL,
  `id_akun_peserta` int(11) DEFAULT NULL,
  `komentar` varchar(255) DEFAULT NULL
) ENGINE=InnoDB DEFAULT CHARSET=latin1 ROW_FORMAT=COMPACT;

--
-- Dumping data for table `tbl_komentar`
--

INSERT INTO `tbl_komentar` (`id_komentar`, `id_akun_peserta`, `komentar`) VALUES
(1, 95, 'test'),
(2, 95, 'test'),
(3, 95, 'test'),
(4, 95, 'test'),
(5, 95, 'AAA'),
(6, 95, 'AAA'),
(7, 95, 'AAA'),
(8, 95, 'AAA'),
(9, 95, 'AAA'),
(10, 95, 'AAA'),
(11, 95, 'AAA'),
(12, 95, 'AAA'),
(13, 95, 'AAA'),
(14, 95, 'AAA'),
(15, 95, 'AAA'),
(16, 95, 'AAA'),
(17, 95, 'AAAaa'),
(18, 95, 'AAAaa'),
(19, 95, 'AAAaa'),
(20, 95, 'AAAAA'),
(21, 95, 'AAAAA'),
(22, 95, 'AAAA'),
(23, 95, 'AAA');

-- --------------------------------------------------------

--
-- Table structure for table `tbl_konfirmasi_bayar`
--

CREATE TABLE `tbl_konfirmasi_bayar` (
  `id_konfirmasi_bayar` int(11) NOT NULL,
  `nama_bank` varchar(255) DEFAULT NULL,
  `nama_pemilik_rek` varchar(255) DEFAULT NULL,
  `tgl_transfer` date DEFAULT NULL,
  `jam_transfer` time DEFAULT NULL,
  `total_bayar` int(11) DEFAULT NULL,
  `bukti_bayar` varchar(255) DEFAULT NULL,
  `kd_peserta` varchar(255) DEFAULT NULL,
  `id_peserta_daftar` int(11) DEFAULT NULL,
  `id_akun_peserta` int(11) DEFAULT NULL,
  `no_rekening` int(11) DEFAULT NULL,
  `create_date` datetime DEFAULT NULL ON UPDATE current_timestamp(),
  `keterangan` varchar(255) DEFAULT NULL,
  `jenis_transaksi` varchar(255) DEFAULT NULL,
  `sts_konfirm_user` varchar(255) DEFAULT NULL,
  `sts_konfirm_admin` varchar(255) DEFAULT NULL,
  `status` varchar(255) DEFAULT NULL,
  `sts_pembayaran` varchar(255) DEFAULT NULL,
  `no_ttp` int(11) DEFAULT NULL,
  `tgl_konfirm_admin` date DEFAULT NULL
) ENGINE=InnoDB DEFAULT CHARSET=latin1 ROW_FORMAT=COMPACT;

--
-- Dumping data for table `tbl_konfirmasi_bayar`
--

INSERT INTO `tbl_konfirmasi_bayar` (`id_konfirmasi_bayar`, `nama_bank`, `nama_pemilik_rek`, `tgl_transfer`, `jam_transfer`, `total_bayar`, `bukti_bayar`, `kd_peserta`, `id_peserta_daftar`, `id_akun_peserta`, `no_rekening`, `create_date`, `keterangan`, `jenis_transaksi`, `sts_konfirm_user`, `sts_konfirm_admin`, `status`, `sts_pembayaran`, `no_ttp`, `tgl_konfirm_admin`) VALUES
(1, 'BRI', 'Andre Pangestu', '2018-01-03', '01:49:18', 1000000, 'e9f5f60860944dd09c9eb3e46cf4a737.JPG', NULL, 13, 95, 123123123, '2018-01-03 01:49:18', 'Bayar', NULL, NULL, NULL, NULL, NULL, NULL, NULL),
(2, 'BRI', 'Andre Pangestu', '2018-01-10', '22:40:37', 100000, '', NULL, 13, 95, 1, '2018-01-10 22:40:37', '1', NULL, '0', '0', '0', NULL, NULL, NULL),
(3, 'BRI', 'Andre Pangestu', '2018-01-10', '22:41:34', 100000, '', NULL, 13, 95, 1, '2018-01-10 22:41:34', '1', NULL, '0', '0', '0', NULL, NULL, NULL),
(4, 'BCA', 'Andre Pangestu', '2018-01-11', '07:19:55', 1000000, 'a144de61cd40be65d030c89a68e1fd6a.JPG', NULL, 20, 95, 110011222, '2018-01-25 01:49:31', 'Test', NULL, '0', '1', '0', NULL, NULL, NULL),
(5, 'BCA', 'Andre Pangestu', '2018-01-11', '07:30:47', 2000000, '35bcbb7e6ea9e949bb18cbd8bfe666e0.jpg', NULL, 19, 95, 12121212, '2018-01-11 07:30:47', 'Bayar', NULL, '0', '0', '0', NULL, NULL, NULL),
(6, 'BRI', 'Andre Pangestu', '2018-01-11', '08:29:03', 1000000, '0b3a1dc32823f52c95eaae0b6e8cac71.jpg', NULL, 22, 95, 1, '2018-01-11 08:29:03', '1', NULL, '0', '0', '0', NULL, NULL, NULL),
(8, 'BCA', 'Andre Pangestu', '2018-01-14', '18:55:19', 9950000, '19400734acf24e63079bf98278bad5de.JPG', NULL, 14, 95, 1212121, '2018-01-14 18:55:19', 'Bayar Lunas', NULL, '0', '0', '0', NULL, NULL, NULL),
(9, 'BCA', 'Andre Pangestu', '2018-01-14', '19:13:24', 4400000, 'f0bf08e047d56e05fd350f5ed0896301.JPG', NULL, 21, 95, 1212121212, '2018-01-14 19:13:24', 'Cicilan 1', NULL, '0', '0', '0', NULL, NULL, NULL),
(10, 'BCA', 'Andre Pangestu', '2018-01-15', '01:33:54', 3850000, '867079f0223e3c46b2e2eb48a466de10.JPG', NULL, 23, 95, 1212121, '2018-01-25 01:49:04', 'Bayar Lunas', NULL, '0', '1', '0', NULL, NULL, NULL),
(11, 'BRI', 'Andre Pangestu', '2018-01-15', '01:41:59', 2800000, '438ce4974b7ff7a3fb73c78fa8353846.jpg', NULL, 24, 95, 111111, '2018-01-15 01:41:59', 'Cicilan 1', NULL, '0', '0', '0', NULL, NULL, NULL),
(13, 'BRI', 'Andre Pangestu', '2018-01-15', '01:49:48', NULL, 'cbbe805bc316e52144935e542bd972fc.JPG', NULL, 24, 95, 12121212, '2018-01-15 01:49:48', 'Cicilan ke 2', NULL, '0', '0', '0', NULL, NULL, NULL),
(14, 'BRI', 'Andre Pangestu', '2018-01-15', '01:53:22', 0, '1504c78af1c19de98bb1860fba156efe.JPG', NULL, 25, 95, 123123123, '2018-01-15 01:53:22', 'Bayar Perusahaan', NULL, '0', '0', '0', NULL, NULL, NULL),
(19, 'BCA', 'Andre Pangestu', '2018-01-22', '07:17:00', 980000, '9f97d1a884973a9f581237a8529d702d.JPG', NULL, 17, 95, 1, '2018-01-22 07:17:48', 'Bayar cicilan ke 2', NULL, '0', '0', '0', NULL, NULL, NULL),
(20, 'BRI', 'Andre Pangestu', '2018-01-25', '02:17:00', 0, '', NULL, 29, 95, 12121212, '2018-01-25 02:33:21', '1111', NULL, '0', '1', '0', 'cicilan1', NULL, NULL),
(21, 'BRI', 'Andre Pangestu', '2018-01-25', '02:35:00', 7960000, '643168bcb73e10a93437a8810c605446.JPG', NULL, 28, 95, 111, '2018-01-25 02:35:22', 'AA', NULL, '0', '0', '0', 'cicilan1', NULL, NULL),
(22, 'BRI', 'Andre Pangestu', '2018-01-25', '02:59:00', 980000, '19417fc0c8bb06810232b7cdf52cbf8b.JPG', NULL, 17, 95, 1, '2018-01-25 03:07:50', 'A', NULL, '0', '1', '0', 'cicilan2', NULL, NULL),
(27, 'BRI', 'Andre Pangestu BRI', '2018-01-26', '09:05:00', 3850000, '5dc95fadaa77a415caee92a7de5b879f.JPG', NULL, 31, 95, 12, '2018-01-26 09:06:12', '', NULL, '0', '0', '0', 'lunas', NULL, NULL),
(28, 'BRI', 'Andre Pangestu BRI', '2018-01-26', '09:06:00', 3850000, 'dc2fccdcddc7b99d1281a4637757b910.jpg', NULL, 31, 95, 12, '2018-01-26 09:07:09', '', NULL, '0', '0', '0', 'lunas', NULL, NULL),
(29, 'BRI', 'Andre Pangestu BRI', '2018-01-26', '09:08:00', 3850000, '75561b854ab19b81b4eadad663d5e16f.JPG', NULL, 31, 95, 121212, '2018-01-26 09:09:06', '', NULL, '0', '0', '0', 'lunas', NULL, NULL),
(30, 'MANDIRI', 'SULIMAH', '2018-02-02', '10:15:00', 5000000, 'd871572e40159de3dc58ff407824b05b.jpg', NULL, 32, 96, 1222222, '2018-02-02 11:02:42', '', NULL, '0', '1', '0', 'lunas', NULL, NULL),
(31, 'MANDIRI', 'SULIMAH', '2018-02-02', '10:24:00', 0, '68660ee599fe147a10ea0b9e7c6bc149.jpg', NULL, 33, 96, 1222222, '2018-02-02 11:03:37', '', NULL, '0', '1', '0', 'cicilan1', NULL, NULL),
(32, 'BRI', 'Andre Pangestu', '2018-02-05', '10:59:00', 10320000, '63e5129682c83b12fd7620f0f20e688b.jpg', NULL, 36, 95, 1212131, '2018-02-08 12:32:29', '', NULL, '0', '0', '0', 'cicilan1', NULL, NULL),
(33, 'BRI', 'Andre Pangestu', '2018-02-05', '11:27:00', 5250000, 'ee843a916f8b332658d8b240f0e92b24.png', NULL, 41, 95, 427414124, '2018-02-08 12:32:34', '', NULL, '0', '0', '0', 'perusahaan', NULL, NULL),
(34, 'BRI', 'Andre Pangestu', '2018-02-05', '11:46:00', 7800000, '848478bc6f63207d7b600868ccb3d5c8.png', NULL, 42, 95, 2147483647, '2018-02-08 12:32:40', '', NULL, '0', '1', '0', 'cicilan1', NULL, NULL),
(35, 'bca', 'dimas', '2018-02-04', '02:53:00', 3850000, '8781a4b517540405a2e3ec2095e66a14.jpg', NULL, 39, 111, 2147483647, '2018-02-08 12:32:07', '', NULL, '0', '1', '0', 'lunas', NULL, NULL),
(36, 'bca', 'dimas', '2018-02-05', '08:47:00', 0, '26d38fda6e262037aafc0544264539e4.jpg', NULL, 33, 111, 123123123, '2018-02-08 12:32:01', '', NULL, '0', '0', '0', 'cicilan1', NULL, NULL),
(37, 'bca', 'dimas', '2018-02-06', '11:03:00', 0, '4c982c0c87e97eb2c73bf674dad7b07b.jpg', NULL, 50, 111, 2147483647, '2018-02-06 11:04:07', '', NULL, '0', '0', '0', 'cicilan1', NULL, NULL),
(38, 'bca', 'dimas', '2018-02-06', '11:15:00', 0, '', NULL, 44, 111, 123123123, '2018-02-06 11:15:33', '', NULL, '0', '0', '0', 'cicilan1', NULL, NULL),
(39, 'A', 'Andre Pangestu', '2018-02-06', '02:47:00', 0, '', NULL, 47, 95, 253543, '2018-02-06 14:46:13', '', NULL, '0', '0', '0', 'lunas', NULL, NULL),
(40, 'BCA', 'Andre Pangestu', '2018-02-06', '03:41:00', 7960000, '44994034de7e98817fda4b54602a5f01.PNG', NULL, 29, 95, 2147483647, '2018-02-06 15:40:24', '', NULL, '0', '0', '0', 'cicilan1', NULL, NULL),
(41, 'MANDIRI', 'SULIMAH', '2018-02-06', '04:47:00', 5250000, 'WhatsApp Image 2018-02-01 at 09_47_22.jpeg', NULL, 52, 112, 2147483647, '2018-02-06 16:43:09', '', NULL, '0', '1', '0', 'lunas', NULL, NULL),
(42, 'MANDIRI', 'SULIMAH', '2018-02-06', '00:00:00', 5250000, 'WhatsApp Image 2018-02-01 at 09_47_22.jpeg', NULL, 52, 112, 1222222, '2018-02-06 16:45:27', '', NULL, '0', '1', '0', 'lunas', NULL, NULL),
(43, 'MANDIRI', 'SULIMAH', '1970-01-01', '00:00:00', 5250000, '', NULL, 52, 112, 12222, '2018-02-06 16:47:55', '', NULL, '0', '1', '0', 'lunas', NULL, NULL),
(44, 'MANDIRI', 'SULIMAH', '2018-02-06', '05:01:00', 7800000, 'WhatsApp Image 2018-01-31 at 10_18_21.jpeg', NULL, 53, 112, 122222222, '2018-02-06 16:56:17', '', NULL, '0', '1', '0', 'cicilan1', NULL, NULL),
(45, 'MANDIRI', 'SULIMAH', '2018-02-06', '05:02:00', 1950000, '', NULL, 53, 112, 122222222, '2018-02-06 16:57:15', '', NULL, '0', '1', '0', 'cicilan2', NULL, NULL),
(46, 'BCA', 'Andre Pangestu', '2018-02-07', '06:43:00', 9750000, '80b303b8906405cdc4f84a2bda97c718.png', NULL, 46, 95, 2147483647, '2018-02-07 06:43:45', '', NULL, '0', '0', '0', 'lunas', NULL, NULL),
(47, 'MANDIRI', 'SULIMAH', '2018-02-12', '03:15:00', 10320000, '42e65251a1af4a437b5117bed43d8d92.png', NULL, 54, 112, 1222, '2018-04-02 07:37:04', '', NULL, '0', '1', '0', 'cicilan1', NULL, NULL),
(48, 'ddd', 'dddd', '2020-12-10', '05:38:00', 200000, 'chris-john_169.jpeg', NULL, 68, 135, 2222, '2020-12-10 06:29:00', 'ddsdd', NULL, '0', '1', '0', 'lunas', 1, '2020-12-10'),
(49, 'bca', 'dddd', '2020-12-12', '07:45:00', 3500000, '82c85af4f2adc99a2cd8bd150e4934ee.jpg', NULL, 70, 135, 7780, '2020-12-12 19:47:25', 'sfasf', NULL, '0', '1', '0', 'lunas', 2, '2020-12-12');

-- --------------------------------------------------------

--
-- Table structure for table `tbl_level_admin`
--

CREATE TABLE `tbl_level_admin` (
  `id_lvl_admin` int(11) NOT NULL,
  `name_lvl_admin` varchar(100) DEFAULT NULL,
  `description` varchar(255) DEFAULT NULL
) ENGINE=InnoDB DEFAULT CHARSET=latin1 ROW_FORMAT=COMPACT;

--
-- Dumping data for table `tbl_level_admin`
--

INSERT INTO `tbl_level_admin` (`id_lvl_admin`, `name_lvl_admin`, `description`) VALUES
(1, 'super', 'Super Admin'),
(2, 'administrasi', 'Staff Administrasi'),
(3, 'keuangan', 'Staff Keuangan'),
(4, 'boss', 'Petinggi PPA');

-- --------------------------------------------------------

--
-- Table structure for table `tbl_lokasi`
--

CREATE TABLE `tbl_lokasi` (
  `kd_lokasi` int(11) NOT NULL,
  `nm_lokasi` varchar(255) DEFAULT NULL
) ENGINE=InnoDB DEFAULT CHARSET=latin1 ROW_FORMAT=COMPACT;

-- --------------------------------------------------------

--
-- Table structure for table `tbl_lokasi_pelatihan`
--

CREATE TABLE `tbl_lokasi_pelatihan` (
  `kd_pel_lok` int(11) NOT NULL,
  `kd_lokasi` int(11) DEFAULT NULL,
  `kd_jns_pelatihan` int(11) DEFAULT NULL,
  `tgl_mulai` date DEFAULT NULL,
  `tgl_akhir` date DEFAULT NULL,
  `kd_waktu` date DEFAULT NULL,
  `harga_pelatihan1` int(11) DEFAULT NULL,
  `harga_pelatihan2` int(11) DEFAULT NULL,
  `harga_pelatihan3` int(11) DEFAULT NULL
) ENGINE=InnoDB DEFAULT CHARSET=latin1 ROW_FORMAT=COMPACT;

-- --------------------------------------------------------

--
-- Table structure for table `tbl_m_pelatihan`
--

CREATE TABLE `tbl_m_pelatihan` (
  `kd_m_pelatihan` int(11) UNSIGNED NOT NULL,
  `kd_pelatihan` varchar(255) DEFAULT NULL,
  `kd_waktu` varchar(255) DEFAULT NULL,
  `kd_lokasi` varchar(255) DEFAULT NULL
) ENGINE=InnoDB DEFAULT CHARSET=latin1 ROW_FORMAT=COMPACT;

-- --------------------------------------------------------

--
-- Table structure for table `tbl_notif`
--

CREATE TABLE `tbl_notif` (
  `id_notif` int(11) NOT NULL,
  `title` varchar(255) DEFAULT NULL,
  `notification` varchar(255) DEFAULT NULL,
  `link` varchar(255) DEFAULT NULL,
  `subject` varchar(255) DEFAULT NULL,
  `status` varchar(255) DEFAULT NULL,
  `id_akun_peserta` int(11) DEFAULT NULL,
  `from_user` varchar(255) DEFAULT NULL,
  `create_date` datetime DEFAULT NULL ON UPDATE current_timestamp()
) ENGINE=InnoDB DEFAULT CHARSET=latin1 ROW_FORMAT=COMPACT;

--
-- Dumping data for table `tbl_notif`
--

INSERT INTO `tbl_notif` (`id_notif`, `title`, `notification`, `link`, `subject`, `status`, `id_akun_peserta`, `from_user`, `create_date`) VALUES
(1, 'Bayar', 'Klik untuk membayar', 'Dashboard/pelatihan', NULL, '0', 95, 'Admin', '2018-01-22 22:51:22'),
(2, 'Cek Tagihan', 'Klik untuk membayar', 'Dashboard/tagihan', NULL, '0', 95, 'Admin', '2018-01-22 22:51:19'),
(3, 'Lunas', 'Klik Untuk Melihat Tagihan', NULL, NULL, '0', 96, 'Admin', '2018-01-25 13:41:22'),
(4, 'Konfirmasi Bayar', 'Klik untuk melihat tagihan', 'Dashboard/tagihan', NULL, '0', 95, NULL, '2018-01-23 21:24:21'),
(5, 'Konfirmasi Bayar', 'Klik untuk melihat tagihan', 'Dashboard/tagihan', NULL, '0', 95, NULL, '2018-01-23 21:24:21'),
(6, 'Lengkapi Berkas SMP', 'Klik untuk melihat pelatihan yang belum dilengkapi dengan SMP', 'Dashboard/pelatihan', NULL, '0', 95, 'Admin', '2018-01-25 03:08:04'),
(7, 'Lengkapi Berkas SMP', 'Klik untuk melihat pelatihan yang belum dilengkapi dengan SMP', 'Dashboard/pelatihan', NULL, '0', 95, 'Admin', '2018-01-25 03:08:04'),
(8, 'Lengkapi Berkas SMP', 'Klik untuk melihat pelatihan yang belum dilengkapi dengan SMP', 'Dashboard/pelatihan', NULL, '0', 95, 'Admin', '2018-01-25 03:08:04'),
(9, 'Lengkapi Berkas SMP', 'Klik untuk melihat pelatihan yang belum dilengkapi dengan SMP', 'Dashboard/pelatihan', NULL, '0', 95, 'Admin', '2018-01-25 03:08:04'),
(10, 'Transaksi pembayaran cicilan pertama berhasil', 'Klik untuk melihat history bayar', 'Dashboard/loadhistorykonfirm', NULL, '0', 95, 'Admin', '2018-01-25 03:08:04'),
(11, 'Transaksi pembayaran cicilan pertama berhasil', 'Klik untuk melihat history bayar', 'Dashboard/loadhistorykonfirm', NULL, '0', 95, 'Admin', '2018-01-25 03:08:04'),
(12, 'Transaksi pembayaran cicilan kedua berhasil', 'Klik untuk melihat history bayar', 'Dashboard/loadhistorykonfirm', NULL, '0', 95, 'Admin', '2018-01-25 03:08:04'),
(13, 'Konfirmasi Bayar', 'Klik untuk melihat tagihan', 'Dashboard/tagihan', NULL, '0', 95, 'Admin', '2018-02-02 01:04:41'),
(14, 'Konfirmasi Bayar', 'Klik untuk melihat tagihan', 'Dashboard/tagihan', NULL, '0', 95, 'Admin', '2018-02-02 01:04:41'),
(15, 'Transaksi pembayaran lunas berhasil', 'Klik untuk melihat history bayar', 'Dashboard/loadhistorykonfirm', NULL, '0', 95, 'Admin', '2018-02-02 01:04:41'),
(16, 'Transaksi pembayaran lunas berhasil', 'Klik untuk melihat history bayar', 'Dashboard/loadhistorykonfirm', NULL, '0', 95, 'Admin', '2018-02-02 01:04:41'),
(17, 'Transaksi pembayaran lunas berhasil', 'Klik untuk melihat history bayar', 'Dashboard/loadhistorykonfirm', NULL, '0', 95, 'Admin', '2018-02-02 01:04:41'),
(18, 'Konfirmasi Bayar', 'Klik untuk melihat tagihan', 'Dashboard/tagihan', NULL, '0', 96, 'Admin', '2018-02-02 10:20:23'),
(19, 'Transaksi pembayaran lunas berhasil', 'Klik untuk melihat history bayar', 'Dashboard/loadhistorykonfirm', NULL, '0', 96, 'Admin', '2018-02-02 10:20:23'),
(20, 'Lengkapi Berkas SMP', 'Klik untuk melihat pelatihan yang belum dilengkapi dengan SMP', 'Dashboard/pelatihan', NULL, '0', 96, 'Admin', '2018-02-02 10:20:23'),
(21, 'Upload Berkas SMP Berhasil', 'Klik untuk melihat melakukan transaksi bayar', 'Dashboard/tagihan', NULL, '0', 96, 'Admin', '2018-02-02 10:20:23'),
(22, 'Transaksi pembayaran cicilan pertama berhasil', 'Klik untuk melihat history bayar', 'Dashboard/loadhistorykonfirm', NULL, '0', 96, 'Admin', '2018-02-02 10:20:23'),
(23, 'Lengkapi Berkas SMP & GL', 'Klik untuk melihat pelatihan yang belum dilengkapi dengan SMP & GL', 'Dashboard/pelatihan', NULL, '0', 96, 'Admin', '2018-02-05 11:23:12'),
(24, 'Upload Berkas SMP & GL Berhasil', 'Klik untuk melihat melakukan transaksi bayar', 'Dashboard/tagihan', NULL, '0', 96, 'Admin', '2018-02-05 11:23:12'),
(25, 'Lengkapi Berkas SMP & GL', 'Klik untuk melihat pelatihan yang belum dilengkapi dengan SMP & GL', 'Dashboard/pelatihan', NULL, '0', 97, 'Admin', '2018-02-02 18:55:25'),
(26, 'Lengkapi Berkas SMP', 'Klik untuk melihat pelatihan yang belum dilengkapi dengan SMP', 'Dashboard/pelatihan', NULL, '0', 96, 'Admin', '2018-02-05 11:23:12'),
(27, 'Konfirmasi Bayar', 'Klik untuk melihat tagihan', 'Dashboard/tagihan', NULL, '0', 95, 'Admin', '2018-02-05 06:16:36'),
(28, 'Lengkapi Berkas SMP & GL', 'Klik untuk melihat pelatihan yang belum dilengkapi dengan SMP & GL', 'Dashboard/pelatihan', NULL, '0', 97, 'Admin', '2018-02-05 07:25:34'),
(29, 'Konfirmasi Bayar', 'Klik untuk melihat tagihan', 'Dashboard/tagihan', NULL, '0', 97, 'Admin', '2018-02-05 07:29:22'),
(30, 'Lengkapi Berkas SMP', 'Klik untuk melihat pelatihan yang belum dilengkapi dengan SMP', 'Dashboard/pelatihan', NULL, '0', 97, 'Admin', '2018-02-05 11:41:26'),
(31, 'Transaksi pembayaran cicilan pertama berhasil', 'Klik untuk melihat history bayar', 'Dashboard/historykonfirm', NULL, '0', 96, 'Admin', '2018-02-05 11:23:12'),
(32, 'Lengkapi Berkas SMP & GL', 'Klik untuk melihat pelatihan yang belum dilengkapi dengan SMP & GL', 'Dashboard/pelatihan', NULL, '0', 96, 'Admin', '2018-02-05 11:26:41'),
(33, 'Upload Berkas SMP & GL Berhasil', 'Klik untuk melihat melakukan transaksi bayar', 'Dashboard/tagihan', NULL, '0', 96, 'Admin', '2018-02-05 11:28:37'),
(34, 'Transaksi pembayaran perusahaan berhasil', 'Klik untuk melihat history bayar', 'Dashboard/historykonfirm', NULL, '0', 96, 'Admin', '2018-02-05 11:28:37'),
(35, 'Lengkapi Berkas SMP', 'Klik untuk melihat pelatihan yang belum dilengkapi dengan SMP', 'Dashboard/pelatihan', NULL, '0', 96, 'Admin', '2018-02-05 11:45:50'),
(36, 'Transaksi pembayaran cicilan pertama berhasil', 'Klik untuk melihat history bayar', 'Dashboard/historykonfirm', NULL, '0', 96, 'Admin', '2018-02-05 12:38:19'),
(37, 'Transaksi pembayaran lunas berhasil', 'Klik untuk melihat history bayar', 'Dashboard/historykonfirm', NULL, '0', 97, 'Admin', '2018-02-05 17:06:02'),
(38, 'Konfirmasi Bayar', 'Klik untuk melihat tagihan', 'Dashboard/tagihan', NULL, '0', 111, 'Admin', '2018-02-05 16:18:54'),
(39, 'Lengkapi Berkas SMP', 'Klik untuk melihat pelatihan yang belum dilengkapi dengan SMP', 'Dashboard/pelatihan', NULL, '0', 111, 'Admin', '2018-02-05 16:18:54'),
(40, 'Upload Berkas SMP Berhasil', 'Klik untuk melihat melakukan transaksi bayar', 'Dashboard/tagihan', NULL, '0', 111, 'Admin', '2018-02-05 16:18:54'),
(41, 'Konfirmasi Bayar', 'Klik untuk melihat tagihan', 'Dashboard/tagihan', NULL, '0', 95, 'Admin', '2018-02-05 16:39:19'),
(42, 'Konfirmasi Bayar', 'Klik untuk melihat tagihan', 'Dashboard/tagihan', NULL, '0', 95, 'Admin', '2018-02-05 16:39:19'),
(43, 'Konfirmasi Bayar', 'Klik untuk melihat tagihan', 'Dashboard/tagihan', NULL, '0', 95, 'Admin', '2018-02-05 16:39:19'),
(44, 'Lengkapi Berkas SMP & GL', 'Klik untuk melihat pelatihan yang belum dilengkapi dengan SMP & GL', 'Dashboard/pelatihan', NULL, '0', 111, 'Admin', '2018-02-05 16:18:54'),
(45, 'Konfirmasi Bayar', 'Klik untuk melihat tagihan', 'Dashboard/tagihan', NULL, '0', 111, 'Admin', '2018-02-05 16:18:54'),
(46, 'Lengkapi Berkas SMP', 'Klik untuk melihat pelatihan yang belum dilengkapi dengan SMP', 'Dashboard/pelatihan', NULL, '0', 111, 'Admin', '2018-02-06 11:12:37'),
(47, 'Upload Berkas SMP Berhasil', 'Klik untuk melihat melakukan transaksi bayar', 'Dashboard/tagihan', NULL, '0', 111, 'Admin', '2018-02-06 11:12:37'),
(48, 'Konfirmasi Bayar', 'Klik untuk melihat tagihan', 'Dashboard/tagihan', NULL, '0', 97, 'Admin', '2018-02-05 21:05:09'),
(49, 'Transaksi pembayaran cicilan pertama berhasil', 'Klik untuk melihat history bayar', 'Dashboard/historykonfirm', NULL, '0', 97, 'Admin', '2018-02-05 21:05:09'),
(50, 'Transaksi pembayaran cicilan pertama berhasil', 'Klik untuk melihat history bayar', 'Dashboard/historykonfirm', NULL, '0', 111, 'Admin', '2018-02-06 11:12:37'),
(51, 'Transaksi pembayaran cicilan pertama berhasil', 'Klik untuk melihat history bayar', 'Dashboard/historykonfirm', NULL, '0', 111, 'Admin', '2018-02-06 11:16:45'),
(52, 'Transaksi pembayaran lunas berhasil', 'Klik untuk melihat history bayar', 'Dashboard/historykonfirm', NULL, '0', 95, 'Admin', '2018-02-06 15:19:49'),
(53, 'Transaksi pembayaran cicilan pertama berhasil', 'Klik untuk melihat history bayar', 'Dashboard/historykonfirm', NULL, '0', 95, 'Admin', '2018-02-07 06:14:18'),
(54, 'Konfirmasi Bayar', 'Klik untuk melihat tagihan', 'Dashboard/tagihan', NULL, '0', 112, 'Admin', '2018-02-06 16:39:45'),
(55, 'Transaksi pembayaran lunas berhasil', 'Klik untuk melihat history bayar', 'Dashboard/historykonfirm', NULL, '0', 112, 'Admin', '2018-02-06 16:59:43'),
(56, 'Transaksi pembayaran lunas berhasil', 'Klik untuk melihat history bayar', 'Dashboard/historykonfirm', NULL, '0', 112, 'Admin', '2018-02-06 16:59:43'),
(57, 'Transaksi pembayaran lunas berhasil', 'Klik untuk melihat history bayar', 'Dashboard/historykonfirm', NULL, '0', 112, 'Admin', '2018-02-06 16:59:43'),
(58, 'Lengkapi Berkas SMP', 'Klik untuk melihat pelatihan yang belum dilengkapi dengan SMP', 'Dashboard/pelatihan', NULL, '0', 112, 'Admin', '2018-02-06 16:59:43'),
(59, 'Upload Berkas SMP Berhasil', 'Klik untuk melihat melakukan transaksi bayar', 'Dashboard/tagihan', NULL, '0', 112, 'Admin', '2018-02-06 16:59:43'),
(60, 'Transaksi pembayaran cicilan pertama berhasil', 'Klik untuk melihat history bayar', 'Dashboard/historykonfirm', NULL, '0', 112, 'Admin', '2018-02-06 16:59:43'),
(61, 'Transaksi pembayaran cicilan kedua berhasil', 'Klik untuk melihat history bayar', 'Dashboard/historykonfirm', NULL, '0', 112, 'Admin', '2018-02-06 16:59:43'),
(62, 'Transaksi pembayaran lunas berhasil', 'Klik untuk melihat history bayar', 'Dashboard/historykonfirm', NULL, '0', 95, 'Admin', '2018-02-08 14:32:11'),
(63, 'Upload Berkas SMP Berhasil', 'Klik untuk melihat melakukan transaksi bayar', 'Dashboard/tagihan', NULL, '0', 95, 'Admin', '2018-02-08 14:32:11'),
(64, 'Lengkapi Berkas SMP', 'Klik untuk melihat pelatihan yang belum dilengkapi dengan SMP', 'Dashboard/pelatihan', NULL, '0', 112, 'Admin', '2018-02-08 14:25:26'),
(65, 'Konfirmasi Bayar', 'Klik untuk melihat tagihan', 'Dashboard/tagihan', NULL, '0', 95, 'Admin', '2018-02-12 06:33:02'),
(66, 'Konfirmasi Bayar', 'Klik untuk melihat tagihan', 'Dashboard/tagihan', NULL, '0', 95, 'Admin', '2018-02-12 06:33:02'),
(67, 'Konfirmasi Bayar', 'Klik untuk melihat tagihan', 'Dashboard/tagihan', NULL, '0', 95, 'Admin', '2018-02-12 06:33:02'),
(68, 'Konfirmasi Bayar', 'Klik untuk melihat tagihan', 'Dashboard/tagihan', NULL, '0', 95, 'Admin', '2018-02-12 06:33:02'),
(69, 'Konfirmasi Bayar', 'Klik untuk melihat tagihan', 'Dashboard/tagihan', NULL, '0', 95, 'Admin', '2018-02-12 06:33:02'),
(70, 'Konfirmasi Bayar', 'Klik untuk melihat tagihan', 'Dashboard/tagihan', NULL, '0', 95, 'Admin', '2018-02-12 06:33:02'),
(71, 'Konfirmasi Bayar', 'Klik untuk melihat tagihan', 'Dashboard/tagihan', NULL, '0', 95, 'Admin', '2018-02-12 07:00:14'),
(72, 'Lengkapi Berkas SMP', 'Klik untuk melihat pelatihan yang belum dilengkapi dengan SMP', 'Dashboard/pelatihan', NULL, '0', 112, 'Admin', '2018-02-12 15:05:08'),
(73, 'Lengkapi Berkas SMP & GL', 'Klik untuk melihat pelatihan yang belum dilengkapi dengan SMP & GL', 'Dashboard/pelatihan', NULL, '0', 112, 'Admin', '2018-02-12 15:20:41'),
(74, 'Lengkapi Berkas SMP & GL', 'Klik untuk melihat pelatihan yang belum dilengkapi dengan SMP & GL', 'Dashboard/pelatihan', NULL, '0', 112, 'Admin', '2018-02-12 15:20:41'),
(75, 'Transaksi pembayaran cicilan pertama berhasil', 'Klik untuk melihat history bayar', 'Dashboard/historykonfirm', NULL, '0', 112, 'Admin', '2018-02-12 15:20:41'),
(76, 'Upload Berkas SMP Berhasil', 'Klik untuk melihat melakukan transaksi bayar', 'Dashboard/tagihan', NULL, '0', 112, 'Admin', '2018-02-12 15:20:41'),
(77, 'Lengkapi Berkas SMP', 'Klik untuk melihat pelatihan yang belum dilengkapi dengan SMP', 'Dashboard/pelatihan', NULL, '0', 112, 'Admin', '2018-02-12 15:20:41'),
(78, 'Lengkapi Berkas SMP', 'Klik untuk melihat pelatihan yang belum dilengkapi dengan SMP', 'Dashboard/pelatihan', NULL, '0', 96, 'Admin', '2018-02-14 10:36:29'),
(79, 'Konfirmasi Bayar', 'Klik untuk melihat tagihan', 'Dashboard/tagihan', NULL, '0', 95, 'Admin', '2018-02-14 10:58:24'),
(80, 'Konfirmasi Bayar', 'Klik untuk melihat tagihan', 'Dashboard/tagihan', NULL, '0', 95, 'Admin', '2018-02-14 10:58:24'),
(81, 'Konfirmasi Bayar', 'Klik untuk melihat tagihan', 'Dashboard/tagihan', NULL, '0', 95, 'Admin', '2018-02-14 10:58:24'),
(82, 'Lengkapi Berkas SMP', 'Klik untuk melihat pelatihan yang belum dilengkapi dengan SMP', 'Dashboard/pelatihan', NULL, '0', 96, 'Admin', '2018-02-14 10:42:26'),
(83, 'Upload Berkas SMP Berhasil', 'Klik untuk melihat melakukan transaksi bayar', 'Dashboard/tagihan', NULL, '0', 96, 'Admin', '2018-02-14 10:42:26'),
(84, 'Konfirmasi Bayar', 'Klik untuk melihat tagihan', 'Dashboard/tagihan', NULL, '1', 95, 'Admin', NULL),
(85, 'Konfirmasi Bayar', 'Klik untuk melihat tagihan', 'Dashboard/tagihan', NULL, '1', 95, 'Admin', NULL),
(86, 'Konfirmasi Bayar', 'Klik untuk melihat tagihan', 'Dashboard/tagihan', NULL, '1', 95, 'Admin', NULL),
(87, 'Konfirmasi Bayar', 'Klik untuk melihat tagihan', 'Dashboard/tagihan', NULL, '0', 135, 'Admin', '2020-12-07 05:56:24'),
(88, 'Konfirmasi Bayar', 'Klik untuk melihat tagihan', 'Dashboard/tagihan', NULL, '0', 135, 'Admin', '2020-12-07 05:56:24'),
(89, 'Konfirmasi Bayar', 'Klik untuk melihat tagihan', 'Dashboard/tagihan', NULL, '0', 135, 'Admin', '2020-12-07 05:56:24'),
(90, 'Konfirmasi Bayar', 'Klik untuk melihat tagihan', 'Dashboard/tagihan', NULL, '0', 135, 'Admin', '2020-12-10 13:21:37'),
(91, 'Konfirmasi Bayar', 'Klik untuk melihat tagihan', 'Dashboard/tagihan', NULL, '0', 135, 'Admin', '2020-12-10 13:21:37'),
(92, 'Konfirmasi Bayar', 'Klik untuk melihat tagihan', 'Dashboard/tagihan', NULL, '0', 135, 'Admin', '2020-12-10 13:21:37'),
(93, 'Konfirmasi Bayar', 'Klik untuk melihat tagihan', 'Dashboard/tagihan', NULL, '0', 135, 'Admin', '2020-12-10 13:21:37'),
(94, 'Konfirmasi Bayar', 'Klik untuk melihat tagihan', 'Dashboard/tagihan', NULL, '0', 135, 'Admin', '2020-12-10 13:21:37'),
(95, 'Lengkapi Berkas SMP & GL', 'Klik untuk melihat pelatihan yang belum dilengkapi dengan SMP & GL', 'Dashboard/pelatihan', NULL, '0', 135, 'Admin', '2020-12-10 13:21:37'),
(96, 'Upload Berkas SMP & GL Berhasil', 'Klik untuk melihat melakukan transaksi bayar', 'Dashboard/tagihan', NULL, '0', 135, 'Admin', '2020-12-10 13:21:37'),
(97, 'Transaksi pembayaran lunas berhasil', 'Klik untuk melihat history bayar', 'Dashboard/historykonfirm', NULL, '0', 135, 'Admin', '2020-12-10 13:21:37'),
(98, 'Konfirmasi Bayar', 'Klik untuk melihat tagihan', 'Dashboard/tagihan', NULL, '0', 135, 'Admin', '2020-12-12 19:44:41'),
(99, 'Transaksi pembayaran lunas berhasil', 'Klik untuk melihat history bayar', 'Dashboard/historykonfirm', NULL, '0', 135, 'Admin', '2020-12-12 19:49:01');

-- --------------------------------------------------------

--
-- Table structure for table `tbl_notif_admin`
--

CREATE TABLE `tbl_notif_admin` (
  `id_notif_admin` int(11) NOT NULL,
  `title` varchar(255) DEFAULT NULL,
  `notification` varchar(255) DEFAULT NULL,
  `link` varchar(255) DEFAULT NULL,
  `subject` varchar(255) DEFAULT NULL,
  `status` varchar(255) DEFAULT NULL,
  `id_akun_peserta` int(11) DEFAULT NULL,
  `from_user` varchar(255) DEFAULT NULL,
  `create_date` datetime DEFAULT NULL ON UPDATE current_timestamp()
) ENGINE=InnoDB DEFAULT CHARSET=latin1 ROW_FORMAT=COMPACT;

--
-- Dumping data for table `tbl_notif_admin`
--

INSERT INTO `tbl_notif_admin` (`id_notif_admin`, `title`, `notification`, `link`, `subject`, `status`, `id_akun_peserta`, `from_user`, `create_date`) VALUES
(1, 'Piutang', 'Peserta Andre Pangestu memiliki piutang di pelatihan : Chartered Financial Analyst Level 1 (CFA) Course, Certified Internal Auditor (CIA) Review', '', NULL, '0', 110, 'Andre Pangestu', '2018-04-25 08:55:10'),
(2, 'Piutang', 'Peserta Andre Pangestu memiliki piutang di pelatihan : Chartered Financial Analyst Level 1 (CFA) Course, Certified Internal Auditor (CIA) Review, Certified Public Accountant (CPA) Review - Tingkat Profesional (CPAI)', '', NULL, '0', 110, 'Andre Pangestu', '2018-04-25 08:55:10'),
(3, 'Piutang', 'Peserta Andre Pangestu memiliki piutang di pelatihan : Certified Internal Auditor (CIA) Review, Chartered Financial Analyst Level 1 (CFA) Course, Chartered Financial Analyst Level 1 (CFA) Course, Paket Lanjutan - Akuntansi Keuangan & Komputer Akuntansi \r\n', '', NULL, '0', 95, 'Andre Pangestu', '2019-09-08 10:49:20'),
(4, 'Piutang', 'Peserta Andre Pangestu memiliki piutang di pelatihan : Certified Internal Auditor (CIA) Review, Chartered Financial Analyst Level 1 (CFA) Course, Chartered Financial Analyst Level 1 (CFA) Course, Paket Lanjutan - Akuntansi Keuangan & Komputer Akuntansi \r\n', '', NULL, '0', 95, 'Andre Pangestu', '2019-09-08 10:49:20'),
(5, 'Piutang', 'Peserta Andre Pangestu memiliki piutang di pelatihan : Chartered Financial Analyst Level 1 (CFA) Course', '', NULL, '0', 135, 'Andre Pangestu', '2020-12-10 05:41:24'),
(6, 'Piutang', 'Peserta Andre Pangestu memiliki piutang di pelatihan : Chartered Financial Analyst Level 1 (CFA) Course', '', NULL, '0', 135, 'Andre Pangestu', '2020-12-10 05:41:24'),
(7, 'Piutang', 'Peserta Andre Pangestu memiliki piutang di pelatihan : Chartered Financial Analyst Level 1 (CFA) Course', '', NULL, '0', 135, 'Andre Pangestu', '2020-12-10 05:41:24'),
(8, 'Piutang', 'Peserta Andre Pangestu memiliki piutang di pelatihan : Chartered Financial Analyst Level 1 (CFA) Course', '', NULL, '0', 135, 'Andre Pangestu', '2020-12-10 05:41:24'),
(9, 'Piutang', 'Peserta Andre Pangestu memiliki piutang di pelatihan : Chartered Financial Analyst Level 1 (CFA) Course, Certified Internal Auditor (CIA) Review', '', NULL, '0', 135, 'Andre Pangestu', '2020-12-10 05:41:24'),
(10, 'Piutang', 'Peserta Andre Pangestu memiliki piutang di pelatihan : Chartered Financial Analyst Level 1 (CFA) Course, Certified Internal Auditor (CIA) Review', '', NULL, '0', 135, 'Andre Pangestu', '2020-12-10 05:41:24'),
(11, 'Piutang', 'Peserta Andre Pangestu memiliki piutang di pelatihan : Chartered Financial Analyst Level 1 (CFA) Course, Certified Internal Auditor (CIA) Review, Certified Financial Planner (CFP) Review', '', NULL, '0', 135, 'Andre Pangestu', '2020-12-10 05:41:24'),
(12, 'Piutang', 'Peserta Andre Pangestu memiliki piutang di pelatihan : Chartered Financial Analyst Level 1 (CFA) Course, Certified Internal Auditor (CIA) Review, Certified Financial Planner (CFP) Review, Pre Islamic Finance Qualification (Pre-IFQ) Course*', '', NULL, '0', 135, 'Andre Pangestu', '2020-12-10 05:41:24'),
(13, 'Piutang', 'Peserta Andre Pangestu memiliki piutang di pelatihan : Chartered Financial Analyst Level 1 (CFA) Course, Certified Internal Auditor (CIA) Review, Certified Financial Planner (CFP) Review, Pre Islamic Finance Qualification (Pre-IFQ) Course*, Brevet AB + eS', '', NULL, '0', 135, 'Andre Pangestu', '2020-12-10 05:41:24'),
(14, 'Piutang', 'Peserta Andre Pangestu memiliki piutang di pelatihan : Chartered Financial Analyst Level 1 (CFA) Course, Certified Internal Auditor (CIA) Review, Certified Financial Planner (CFP) Review, Pre Islamic Finance Qualification (Pre-IFQ) Course*, Brevet AB + eS', '', NULL, '0', 135, 'Andre Pangestu', '2020-12-10 05:41:24'),
(15, 'Piutang', 'Peserta Andre Pangestu memiliki piutang di pelatihan : Chartered Financial Analyst Level 1 (CFA) Course, Certified Internal Auditor (CIA) Review, Certified Financial Planner (CFP) Review, Pre Islamic Finance Qualification (Pre-IFQ) Course*, Brevet AB + eS', '', NULL, '0', 135, 'Andre Pangestu', '2020-12-10 05:41:24'),
(16, 'Piutang', 'Peserta Andre Pangestu memiliki piutang di pelatihan : Chartered Financial Analyst Level 1 (CFA) Course, Certified Internal Auditor (CIA) Review, Certified Financial Planner (CFP) Review, Pre Islamic Finance Qualification (Pre-IFQ) Course*, Brevet AB + eS', '', NULL, '1', 135, 'Andre Pangestu', '2020-12-12 19:43:34');

-- --------------------------------------------------------

--
-- Table structure for table `tbl_pelatihan_lokasi`
--

CREATE TABLE `tbl_pelatihan_lokasi` (
  `id_lokasi` int(11) NOT NULL,
  `nama_lokasi` varchar(255) DEFAULT NULL,
  `lokasi` varchar(255) DEFAULT NULL
) ENGINE=InnoDB DEFAULT CHARSET=latin1 ROW_FORMAT=COMPACT;

--
-- Dumping data for table `tbl_pelatihan_lokasi`
--

INSERT INTO `tbl_pelatihan_lokasi` (`id_lokasi`, `nama_lokasi`, `lokasi`) VALUES
(1, 'KAMPUS FEB UI SALEMBA', 'SALEMBA'),
(2, 'KAMPUS FEB UI DEPOK', 'DEPOK');

-- --------------------------------------------------------

--
-- Table structure for table `tbl_pelatihan_master`
--

CREATE TABLE `tbl_pelatihan_master` (
  `id_m_pelatihan` int(11) NOT NULL,
  `id_pelatihan` varchar(255) DEFAULT NULL,
  `kd_pelatihan` varchar(255) DEFAULT NULL,
  `kd_angkatan` varchar(255) DEFAULT NULL,
  `nama_pelatihan` varchar(255) DEFAULT NULL,
  `tgl_mulai` date DEFAULT NULL,
  `tgl_selesai` date DEFAULT NULL,
  `hari` varchar(255) DEFAULT NULL,
  `jam_mulai` time NOT NULL,
  `jam_selesai` time NOT NULL,
  `waktu` varchar(255) DEFAULT NULL,
  `investasi` int(11) DEFAULT NULL,
  `jml_pertemuan` int(5) DEFAULT NULL,
  `lokasi` varchar(255) DEFAULT NULL,
  `tipe_pelatihan` varchar(255) DEFAULT NULL,
  `status` int(1) DEFAULT NULL,
  `sts_pelatihan` varchar(255) DEFAULT NULL,
  `periode` int(11) DEFAULT NULL,
  `tahun` int(11) DEFAULT NULL,
  `sts_aktif_daftar` int(1) DEFAULT NULL,
  `insert_date` datetime DEFAULT NULL ON UPDATE current_timestamp()
) ENGINE=InnoDB DEFAULT CHARSET=latin1 ROW_FORMAT=COMPACT;

--
-- Dumping data for table `tbl_pelatihan_master`
--

INSERT INTO `tbl_pelatihan_master` (`id_m_pelatihan`, `id_pelatihan`, `kd_pelatihan`, `kd_angkatan`, `nama_pelatihan`, `tgl_mulai`, `tgl_selesai`, `hari`, `jam_mulai`, `jam_selesai`, `waktu`, `investasi`, `jml_pertemuan`, `lokasi`, `tipe_pelatihan`, `status`, `sts_pelatihan`, `periode`, `tahun`, `sts_aktif_daftar`, `insert_date`) VALUES
(1, '1', 'CFA', 'CFA1', 'Chartered Financial Analyst Level 1 (CFA) Course', '2018-02-03', '2018-05-19', 'Sabtu', '08:15:00', '17:00:00', '08.15 - 17.00', 9950000, 13, 'SALEMBA', 'SERTIFIKASI', 1, 'Belum mulai', 1, 2018, 1, '2018-02-15 15:53:22'),
(2, '2', 'CIA', 'CIA1', 'Certified Internal Auditor (CIA) Review', '2018-02-03', '2018-07-28', 'Sabtu', '08:30:00', '17:00:00', '08.30 - 17.00\r\n', 9750000, 18, 'SALEMBA', 'SERTIFIKASI', 1, 'Belum mulai', 1, 2018, 1, '2018-02-15 15:53:22'),
(3, '3', 'CFP', 'CFP1', 'Certified Financial Planner (CFP) Review', '2018-01-10', '2018-04-28', 'Sabtu', '08:30:00', '17:00:00', '08.30 - 17.00\r\n', 12900000, 9, 'SALEMBA', 'SERTIFIKASI', 1, 'Belum mulai', 1, 2018, 1, '2018-02-15 15:53:22'),
(4, '4', 'CPA', 'CPA1', 'Certified Public Accountant (CPA) Review - Tingkat Profesional (CPAI)', '2018-03-03', '2018-07-28', 'Sabtu', '08:30:00', '17:00:00', '08.30 - 17.00\r\n', 6900000, 15, 'SALEMBA', 'SERTIFIKASI', 1, 'Belum mulai', 1, 2018, 1, '2018-02-15 15:53:22'),
(5, '5', 'CPMA', 'CPMA1', 'Certified Professional Management Accountant (CPMA) Review', '2018-02-10', '2018-05-05', 'Sabtu', '08:30:00', '17:00:00', '08.30 - 17.00\r\n', 5000000, 10, 'SALEMBA', 'SERTIFIKASI', 1, 'Belum mulai', 1, 2018, 1, '2018-02-15 15:53:22'),
(6, '6', 'CPSAK', 'CPSAK1', 'Certified Pernyataan Standar Akuntansi Keuangan (CPSAK) Course', '2018-02-10', '2018-05-26', 'Sabtu', '08:30:00', '17:00:00', '08.30 - 17.00\r\n', 5500000, 13, 'SALEMBA', 'SERTIFIKASI', 1, 'Belum mulai', 1, 2018, 1, '2018-02-15 15:53:22'),
(7, '7', 'PREIFQ', 'PREIFQ1', 'Pre Islamic Finance Qualification (Pre-IFQ) Course*', '2018-01-27', '2018-02-10', 'Sabtu', '09:00:00', '17:00:00', '09.00 - 17.00\r\n', 3800000, 3, 'SALEMBA', 'SERTIFIKASI', 1, 'Belum mulai', 1, 2018, 1, '2018-02-15 15:53:22'),
(8, '8', 'IFQ', 'IFQ1', 'Islamic Finance Qualification (IFQ) Course**', '2018-05-05', '2018-05-26', 'Sabtu', '09:00:00', '17:00:00', '09.00 - 17.00\r\n', 3800000, 4, 'SALEMBA', 'SERTIFIKASI', 1, 'Belum mulai', 1, 2018, 1, '2018-02-15 15:53:22'),
(9, '9', 'BVAB', 'BVAB1', 'Brevet AB + eSPT', '2018-02-02', '2018-05-11', 'Senin, Rabu & Jumat', '18:30:00', '21:30:00', '18.30 - 21.30\r\n', 4900000, 40, 'SALEMBA', 'SERTIFIKASI', 1, 'Belum mulai', 1, 2018, 1, '2018-02-15 15:53:22'),
(10, '10', 'BVAB', 'BVAB2', 'Brevet AB + eSPT', '2018-02-24', '2018-09-01', 'Sabtu', '18:30:00', '16:00:00', '08.30 - 16.00\r\n', 5600000, 20, 'SALEMBA', 'REGULER', 1, 'Belum mulai', 1, 2018, 1, '2018-02-15 15:53:22'),
(11, '11', 'AK', 'AK1', 'Pengantar Akuntansi Keuangan & Komputer Akuntansi', '2018-02-21', '2018-05-14', 'Senin & Rabu', '18:30:00', '21:30:00', '18.30 - 21.30\r\n', 3650000, 24, 'SALEMBA', 'REGULER', 1, 'Belum mulai', 1, 2018, 1, '2018-02-15 15:53:22'),
(12, '12', 'AKMEN', 'AKMEN1', 'Paket Lanjutan - Akuntansi Keuangan & Komputer Akuntansi (Pengantar Akuntansi Keuangan & Komputer Akuntansi dan Akuntansi Keuangan Menengah)', '2018-02-21', '2018-08-08', 'Senin & Rabu', '18:30:00', '21:30:00', '18.30 - 21.30\r\n', 5250000, 40, 'SALEMBA', 'REGULER', 1, 'Belum mulai', 1, 2018, 1, '2018-04-02 01:21:04'),
(13, '13', 'AK', 'AK2', 'Pengantar Akuntansi Keuangan & Komputer Akuntansi', '2018-03-10', '2018-07-21', 'Sabtu', '09:00:00', '16:00:00', '09.00 - 16.00\r\n', 3950000, 13, 'SALEMBA', 'REGULER', 1, 'Belum mulai', 1, 2018, 1, '2018-02-15 15:53:22'),
(14, '14', 'AK', 'AKMEN2', 'Paket Lanjutan - Akuntansi Keuangan & Komputer Akuntansi (Pengantar Akuntansi Keuangan & Komputer Akuntansi dan Akuntansi Keuangan Menengah)', '2018-03-10', '2018-10-20', 'Sabtu', '09:00:00', '16:00:00', '09.00 - 16.00\r\n', 5700000, 22, 'SALEMBA', 'REGULER', 1, 'Belum mulai', 1, 2018, 1, '2018-04-02 01:21:01'),
(15, '15', 'AKMEN', 'BFIMOD1', 'Basic Financial Modeling', '2018-05-12', '2018-05-26', 'Sabtu', '09:00:00', '16:00:00', '09.00 - 16.00\r\n', 3600000, 3, 'SALEMBA', 'REGULER', 1, 'Belum mulai', 1, 2018, 1, '2018-02-15 15:53:22'),
(16, '16', 'OFFICE', 'OFFICE1', '7 in 1 Microsoft Office', '2018-01-27', '2018-02-10', 'Sabtu', '08:15:00', '17:15:00', '08.15 - 17.15\r\n', 3850000, 3, 'SALEMBA', 'REGULER', 1, 'Belum mulai', 1, 2018, 1, '2018-02-15 15:53:22'),
(17, '17', 'BVAB', 'BVAB3', 'Brevet AB + eSPT', '2018-02-10', '2018-08-25', 'Sabtu', '09:00:00', '16:00:00', '09.00 - 16.00\r\n', 4500000, 20, 'DEPOK', 'REGULER', 1, 'Belum mulai', 1, 2018, 1, '2018-02-15 15:53:22'),
(18, '18', 'BVC', 'BVC1', 'Brevet C', '2018-02-03', '2018-05-12', 'Sabtu', '09:00:00', '16:00:00', '09.00 - 16.00\r\n', 3500000, 12, 'DEPOK', 'REGULER', 1, 'Belum mulai', 1, 2018, 1, '2018-02-15 15:53:22'),
(20, '20', 'AKMEN', 'AKMEN3', 'Paket Lanjutan - Akuntansi Keuangan & Komputer Akuntansi (Pengantar Akuntansi Keuangan & Komputer Akuntansi dan Akuntansi Keuangan Menengah)', '2018-02-10', '2018-09-22', 'Sabtu', '09:00:00', '16:00:00', '09.00 - 16.00\r\n', 4850000, 22, 'DEPOK', 'REGULER', 1, 'Belum mulai', 1, 2018, 1, '2018-04-02 01:20:58'),
(21, '21', 'AKL', 'AKL1', 'Akuntansi Keuangan Lanjutan', '2018-02-10', '2018-05-19', 'Sabtu', '09:00:00', '12:00:00', '09.00 - 12.00\r\n', 3550000, 12, 'DEPOK', 'REGULER', 1, 'Belum mulai', 1, 2018, 1, '2018-02-15 15:53:22'),
(22, '22', 'AKBI', 'AKBI1', 'Akuntansi Biaya', '2018-02-03', '2018-05-05', 'Sabtu', '09:00:00', '12:00:00', '09.00 - 12.00\r\n', 3300000, 11, 'DEPOK', 'REGULER', 1, 'Belum mulai', 1, 2018, 1, '2018-02-15 15:53:22'),
(23, '23', 'CFA', 'CFA2', 'Chartered Financial Analyst Level 1 (CFA) Course', '2018-08-11', '2018-11-10', 'Sabtu', '08:15:00', '17:00:00', '08.15 - 17.00', 9950000, 13, 'SALEMBA', 'SERTIFIKASI', 1, 'Belum mulai', 2, 2018, 0, '2018-02-15 15:53:22'),
(24, '24', 'CIA', 'CIA2', 'Certified Internal Auditor (CIA) Review', '2018-08-11', '2018-12-15', 'Sabtu', '08:30:00', '17:00:00', '08.30 - 17.00\r\n', 9750000, 18, 'SALEMBA', 'SERTIFIKASI', 1, 'Belum mulai', 2, 2018, 0, '2018-02-15 15:53:22'),
(25, '25', 'CFP', 'CFP2', 'Certified Financial Planner (CFP) Review', '2018-09-08', '2018-11-03', 'Sabtu', '08:30:00', '17:00:00', '08.30 - 17.00\r\n', 12900000, 9, 'SALEMBA', 'SERTIFIKASI', 1, 'Belum mulai', 2, 2018, 0, '2018-02-15 15:53:22'),
(26, '26', 'CPA', 'CPA2', 'Certified Public Accountant (CPA) Review - Tingkat Profesional (CPAI)', '2018-09-01', '2018-12-08', 'Sabtu', '08:30:00', '17:00:00', '08.30 - 17.00\r\n', 6900000, 15, 'SALEMBA', 'SERTIFIKASI', 1, 'Belum mulai', 2, 2018, 0, '2018-02-15 15:53:22'),
(27, '27', 'CPMA', 'CPMA2', 'Certified Professional Management Accountant (CPMA) Review', '2018-09-01', '2018-11-03', 'Sabtu', '08:30:00', '17:00:00', '08.30 - 17.00\r\n', 5000000, 10, 'SALEMBA', 'SERTIFIKASI', 1, 'Belum mulai', 2, 2018, 0, '2018-02-15 15:53:22'),
(28, '28', 'CPSAK', 'CPSAK2', 'Certified Pernyataan Standar Akuntansi Keuangan (CPSAK) Course', '2018-08-25', '2018-11-17', 'Sabtu', '08:30:00', '17:00:00', '08.30 - 17.00\r\n', 5500000, 13, 'SALEMBA', 'SERTIFIKASI', 1, 'Belum mulai', 2, 2018, 0, '2018-02-15 15:53:22'),
(29, '29', 'PREIFQ', 'PREIFQ2', 'Pre Islamic Finance Qualification (Pre-IFQ) Course*', '2018-07-21', '2018-08-04', 'Sabtu', '09:00:00', '17:00:00', '09.00 - 17.00\r\n', 3800000, 3, 'SALEMBA', 'SERTIFIKASI', 1, 'Belum mulai', 2, 2018, 0, '2018-02-15 15:53:22'),
(30, '30', 'IFQ', 'IFQ2', 'Islamic Finance Qualification (IFQ) Course**', '2018-11-10', '2018-12-01', 'Sabtu', '09:00:00', '17:00:00', '09.00 - 17.00\r\n', 4800000, 4, 'SALEMBA', 'SERTIFIKASI', 1, 'Belum mulai', 2, 2018, 0, '2018-02-15 15:53:22'),
(31, NULL, 'BVAB', 'BVAB4', 'Brevet AB + eSPT', '2018-08-01', '2018-11-07', 'Senin, Rabu & Jumat', '18:30:00', '21:30:00', '18.30 - 21.30\r\n', 4900000, 40, 'SALEMBA', 'REGULER', 1, 'Belum mulai', 2, 2018, 0, '2018-02-15 15:53:22'),
(32, NULL, 'BVAB', 'BVAB5', 'Brevet AB + eSPT', '2018-07-07', '2018-11-24', 'Sabtu', '08:30:00', '16:00:00', '08.30 - 16.00\r\n', 5600000, 20, 'SALEMBA', 'REGULER', 1, 'Belum mulai', 2, 2018, 0, '2018-02-15 15:53:22'),
(33, NULL, 'AKM', 'AKM1', 'Akuntansi Keuangan Menengah', '2018-07-11', '2018-08-08', 'Senin & Rabu', '18:30:00', '21:30:00', '18.30 - 21.30\r\n', 2900000, 16, 'SALEMBA', 'REGULER', 1, 'Belum mulai', 2, 2018, 0, '2018-02-15 15:53:22'),
(34, NULL, 'AKM', 'AKM2', 'Akuntansi Keuangan Menengah', '2018-08-25', '2018-10-20', 'Sabtu', '09:00:00', '16:00:00', '18.30 - 21.30\r\n', 3200000, 9, 'SALEMBA', 'REGULER', 1, 'Belum mulai', 2, 2018, 0, '2018-02-15 15:53:22'),
(35, NULL, 'BFIMOD', 'BFIMOD2', 'Basic Financial Modeling', '2018-10-27', '2018-11-10', 'Sabtu', '09:00:00', '16:00:00', '09.00 - 16.00\r\n', 3600000, 3, 'SALEMBA', 'REGULER', 1, 'Belum mulai', 2, 2018, 0, '2018-02-15 15:53:22'),
(36, NULL, 'AFIMOD', 'AFIMOD1', 'Advanced Financial Modeling', '2018-07-14', '2018-07-28', 'Sabtu', '09:00:00', '09:00:00', '09.00 - 16.00\r\n', 3775000, 3, 'SALEMBA', 'REGULER', 1, 'Belum mulai', 2, 2018, 0, '2018-02-15 15:53:22'),
(37, NULL, 'OFFICE', 'OFFICE2', '7 in 1 Microsoft Office', '2018-08-04', '2018-08-25', 'Sabtu', '08:15:00', '17:15:00', '09.00 - 16.00\r\n', 3850000, 3, 'SALEMBA', 'REGULER', 1, 'Belum mulai', 2, 2018, 0, '2018-02-15 15:53:22'),
(38, NULL, 'OFFICE', 'OFFICE3', '7 in 1 Microsoft Office', '2018-10-03', '2018-10-17', 'Rabu & Jumat', '18:30:00', '21:30:00', '08.15 - 17.15\r\n', 3850000, 8, 'SALEMBA', 'REGULER', 1, 'Belum mulai', 2, 2018, 0, '2018-02-15 15:53:22'),
(39, NULL, 'BVAB', 'BVAB6', 'Brevet AB + eSPT', '2018-07-21', '2018-12-08', 'Sabtu', '09:00:00', '16:00:00', '09.00 - 16.00\r\n', 4500000, 20, 'DEPOK', 'REGULER', 1, 'Belum mulai', 2, 2018, 0, '2018-02-15 15:53:22'),
(40, NULL, 'BVC', 'BVC2', 'Brevet C', '2018-07-28', '2018-10-20', 'Sabtu', '09:00:00', '16:00:00', '09.00 - 16.00\r\n', 3500000, 12, 'DEPOK', 'REGULER', 1, 'Belum mulai', 2, 2018, 0, '2018-02-15 15:53:22'),
(41, NULL, 'AK', 'AK4', 'Pengantar Akuntansi Keuangan & Komputer Akuntansi', '2018-09-08', '2018-12-01', 'Sabtu', '09:00:00', '16:00:00', '09.00 - 16.00\r\n', 3350000, 13, 'DEPOK', 'REGULER', 1, 'Belum mulai', 2, 2018, 0, '2018-02-15 15:53:22'),
(42, NULL, 'AKM', 'AKM1', 'Akuntansi Keuangan Menengah', '2018-07-21', '2018-09-22', 'Sabtu', '09:00:00', '16:00:00', '09.00 - 16.00\r\n', 2600000, 9, 'DEPOK', 'REGULER', 1, 'Belum mulai', 2, 2018, 0, '2018-02-15 15:53:22'),
(43, NULL, 'AKMEN', 'AKMEN4', 'Paket Lanjutan - Akuntansi Keuangan & Komputer Akuntansi (Pengantar Akuntansi Keuangan & Komputer Akuntansi dan Akuntansi Keuangan Menengah)', '2018-09-08', '2018-03-09', 'Sabtu', '09:00:00', '16:00:00', '09.00 - 12.00\r\n', 4850000, 22, 'DEPOK', 'REGULER', 1, 'Belum mulai', 2, 2018, 0, '2018-02-15 15:53:22'),
(44, NULL, 'AKL', 'AKL2', 'Akuntansi Keuangan Lanjutan', '2018-09-29', '2018-12-15', 'Sabtu', '09:00:00', '12:00:00', '09.00 - 12.00\r\n', 3550000, 12, 'DEPOK', 'REGULER', 1, 'Belum mulai', 2, 2018, 0, '2018-02-15 15:53:22'),
(45, NULL, 'AKBI', 'AKBI2', 'Akuntansi Biaya', '2018-09-29', '2018-12-08', 'Sabtu', '09:00:00', '12:00:00', '09.00 - 12.00\r\n', 3300000, 11, 'DEPOK', 'REGULER', 1, 'Belum mulai', 2, 2018, 0, '2018-02-15 15:53:22'),
(46, NULL, 'AM', 'AM1', 'Akuntansi Manajemen', '2018-07-07', '2018-09-15', 'Sabtu', '09:00:00', '12:00:00', '09.00 - 12.00\r\n', 3250000, 10, 'DEPOK', 'REGULER', 1, 'Belum mulai', 2, 2018, 0, '2018-02-15 15:53:22'),
(50, NULL, 'A', 'A1', 'A', '2018-01-31', '2018-02-28', 'Selasa', '00:00:00', '00:00:00', NULL, 1000000, 13, 'SALEMBA', 'REGULER', 1, 'Belum mulai', 12, 2018, 0, '2018-02-15 15:53:22'),
(51, NULL, 'CMD', 'CMD1', 'Test Pelatihan', '2024-01-11', '1977-01-25', 'Senin', '06:00:00', '07:00:00', NULL, 1000000, 12, 'SALEMBA', 'SERTIFIKASI', 1, 'Sedang mulai', 2, 2018, 1, '2018-02-15 15:53:22'),
(52, NULL, 'AA', 'AA1', 'AKUNTANSI BIAYA TEST', '2018-02-01', '2018-02-01', 'Senin', '06:00:00', '06:45:00', NULL, 11111, 13, 'SALEMBA', 'SERTIFIKASI', 1, 'Belum mulai', 1, 2013, 1, '2018-02-15 15:53:22'),
(59, NULL, 'A', 'A2', 'AAAA', '2018-04-01', '2018-04-30', 'Senin, selasa', '06:00:00', '06:00:00', NULL, 200000, 21, 'DEPOK', 'SERTIFIKASI', 1, 'Belum mulai', 2, 2018, 1, '2018-04-01 13:54:18');

-- --------------------------------------------------------

--
-- Table structure for table `tbl_pelatihan_nama`
--

CREATE TABLE `tbl_pelatihan_nama` (
  `id_nama_pelatihan` int(11) NOT NULL,
  `kd_pelatihan` varchar(255) DEFAULT NULL,
  `nama_pelatihan` varchar(255) DEFAULT NULL,
  `insert_date` datetime DEFAULT NULL ON UPDATE current_timestamp()
) ENGINE=InnoDB DEFAULT CHARSET=latin1 ROW_FORMAT=COMPACT;

--
-- Dumping data for table `tbl_pelatihan_nama`
--

INSERT INTO `tbl_pelatihan_nama` (`id_nama_pelatihan`, `kd_pelatihan`, `nama_pelatihan`, `insert_date`) VALUES
(1, 'CFA', 'Chartered Financial Analyst Level 1 (CFA) Course', '2018-02-15 15:54:17'),
(2, 'CFP', 'Certified Financial Planner (CFP) Review', '2018-02-15 15:54:17'),
(3, 'CIA', 'Certified Internal Auditor (CIA) Review', '2018-02-15 15:54:17'),
(4, 'CPA', 'Certified Public Accountant (CPA) Review - Tingkat Profesional (CPAI)', '2018-02-15 15:54:17'),
(5, 'CPMA', 'Certified Professional Management Accountant (CPMA) Review', '2018-02-15 15:54:17'),
(6, 'CPSAK', 'Certified Pernyataan Standar Akuntansi Keuangan (CPSAK) Course', '2018-02-15 15:54:17'),
(7, 'IFQ', 'Islamic Finance Qualification (IFQ) Course**', '2018-02-15 15:54:17'),
(8, 'PREIFQ', 'Pre Islamic Finance Qualification (Pre-IFQ) Course*', '2018-02-15 15:54:17'),
(9, 'BVAB', 'Brevet AB + eSPT', '2018-02-15 15:54:17'),
(10, 'AK', 'Pengantar Akuntansi Keuangan & Komputer Akuntansi', '2018-02-15 15:54:17'),
(11, 'AKMEN', 'Paket Lanjutan - Akuntansi Keuangan & Komputer Akuntansi \r\n(Pengantar Akuntansi Keuangan & Komputer Akuntansi dan Akuntansi Keuangan Menengah)', '2018-02-15 15:54:17'),
(12, 'BFIMOD', 'Basic Financial Modeling', '2018-02-15 15:54:17'),
(13, 'BVC', 'Brevet C', '2018-02-15 15:54:17'),
(14, 'OFFICE', '7 in 1 Microsoft Office', '2018-02-15 15:54:17'),
(15, 'AKL', 'Akuntansi Keuangan Lanjutan', '2018-02-15 15:54:17'),
(16, 'AKBI', 'Akuntansi Biaya', '2018-02-15 15:54:17'),
(17, 'TSTT', 'TEST BARU LAGI', '2018-02-15 15:54:17'),
(18, 'A', 'AAAA', NULL);

-- --------------------------------------------------------

--
-- Table structure for table `tbl_pelatihan_peserta`
--

CREATE TABLE `tbl_pelatihan_peserta` (
  `kd_pel_peserta` int(11) NOT NULL,
  `kd_peserta` int(11) DEFAULT NULL,
  `kd_pel_lok` int(11) DEFAULT NULL,
  `diskon` int(11) DEFAULT NULL,
  `status` varchar(255) DEFAULT NULL
) ENGINE=InnoDB DEFAULT CHARSET=latin1 ROW_FORMAT=COMPACT;

--
-- Dumping data for table `tbl_pelatihan_peserta`
--

INSERT INTO `tbl_pelatihan_peserta` (`kd_pel_peserta`, `kd_peserta`, `kd_pel_lok`, `diskon`, `status`) VALUES
(1, NULL, NULL, NULL, NULL);

-- --------------------------------------------------------

--
-- Table structure for table `tbl_pelatihan_tipe`
--

CREATE TABLE `tbl_pelatihan_tipe` (
  `id_tipe_pelatihan` int(11) NOT NULL,
  `kd_tipe_pelatihan` varchar(11) NOT NULL,
  `tipe_pelatihan` varchar(255) NOT NULL
) ENGINE=InnoDB DEFAULT CHARSET=latin1 ROW_FORMAT=COMPACT;

--
-- Dumping data for table `tbl_pelatihan_tipe`
--

INSERT INTO `tbl_pelatihan_tipe` (`id_tipe_pelatihan`, `kd_tipe_pelatihan`, `tipe_pelatihan`) VALUES
(1, 'TP1', 'SERTIFIKASI'),
(2, 'TP2', 'REGULER');

-- --------------------------------------------------------

--
-- Table structure for table `tbl_pelatihan_waktu`
--

CREATE TABLE `tbl_pelatihan_waktu` (
  `id_waktu` int(11) NOT NULL,
  `kd_waktu` varchar(255) DEFAULT NULL,
  `hari` varchar(255) DEFAULT NULL,
  `jam` varchar(255) DEFAULT NULL
) ENGINE=InnoDB DEFAULT CHARSET=latin1 ROW_FORMAT=COMPACT;

--
-- Dumping data for table `tbl_pelatihan_waktu`
--

INSERT INTO `tbl_pelatihan_waktu` (`id_waktu`, `kd_waktu`, `hari`, `jam`) VALUES
(1, 'SRJ', 'Senin, Rabu & Jumat ', '18.30 - 21.30'),
(2, 'SR', 'Senin & Rabu', '18.30 - 21.30'),
(3, 'S', 'Sabtu', '08.30 - 16.00');

-- --------------------------------------------------------

--
-- Table structure for table `tbl_peserta_akun`
--

CREATE TABLE `tbl_peserta_akun` (
  `id_akun_peserta` int(11) NOT NULL,
  `kd_registrasi` varchar(255) DEFAULT NULL,
  `email` varchar(255) DEFAULT NULL,
  `password` varchar(255) DEFAULT NULL,
  `nama` varchar(255) DEFAULT NULL,
  `status_register` varchar(255) DEFAULT NULL,
  `tgl_register` datetime DEFAULT NULL,
  `last_login` datetime DEFAULT NULL,
  `tempat_lahir` varchar(255) DEFAULT NULL,
  `tgl_lahir` date DEFAULT NULL,
  `jenis_kelamin` varchar(255) DEFAULT NULL,
  `agama` varchar(255) DEFAULT NULL,
  `no_ktp` varchar(100) DEFAULT NULL,
  `file_ktp` varchar(255) DEFAULT NULL,
  `file_foto` varchar(255) DEFAULT NULL
) ENGINE=InnoDB DEFAULT CHARSET=latin1 ROW_FORMAT=COMPACT;

--
-- Dumping data for table `tbl_peserta_akun`
--

INSERT INTO `tbl_peserta_akun` (`id_akun_peserta`, `kd_registrasi`, `email`, `password`, `nama`, `status_register`, `tgl_register`, `last_login`, `tempat_lahir`, `tgl_lahir`, `jenis_kelamin`, `agama`, `no_ktp`, `file_ktp`, `file_foto`) VALUES
(95, 'KDR0000000001', 'andrepangestu11@gmail.com', '52cd9a72ad76164f76580500abe983b092361946', 'Andre Pangestu', '1', '2017-12-06 22:22:31', '2018-04-02 06:28:17', 'Jakarta', '2018-02-05', 'Laki-Laki', 'KRISTEN PROTESTAN', '3535235', '8e33c32ab08007cc12dfc88ebb2dcf6a.PNG', '915b033a39f81c793814876986d0a1b6.jpg'),
(96, 'KDR0000000001', 'sulimah.16@gmail.com', '58244537fadc7862eb0132a8116986e752a2d853', 'Sulimah', '1', '2017-12-07 02:38:39', '2018-02-14 10:36:24', 'Jakarta', '1976-12-31', 'Perempuan', 'ISLAM', '123456789', '939c92ed45476102b61db1f13816bf05.jpg', '3601a9a80033fc9bf1866d36e0c00373.jpg'),
(97, 'KDR0000000001', 'dimas.nugroho@dim4s.com', '3c9f12b1d9dfdf06d43e684dded74895d01b4522', 'dimas', '1', '2017-12-07 02:39:17', '2018-02-05 20:40:34', 'jakarta', '1992-01-01', 'Laki-Laki', 'ISLAM', '2147483647', 'a2b5eca4eafdb0c289a8475a1a253cb3.jpg', 'de07032297b15ae20990b632b50c7c7f.jpg'),
(98, 'KDR0000000001', 'andre.pangestu22@gmail.com', '2546bb4c2b5cfa112a8ec278da5e83eba8d2ec27', 'Andre Pangestu', '1', '2017-12-06 22:22:31', '2018-01-19 17:59:12', NULL, NULL, NULL, NULL, NULL, NULL, NULL),
(110, 'KDR0000000001', 'drewztu@gmail.com', '2546bb4c2b5cfa112a8ec278da5e83eba8d2ec27', 'Andre Pangestu', '1', '2018-01-21 04:10:49', '2018-02-07 07:53:43', NULL, NULL, NULL, NULL, NULL, NULL, NULL),
(111, 'KDR0000000001', 'dimasp.nugroho@gmail.com', '3c9f12b1d9dfdf06d43e684dded74895d01b4522', 'dimasaja', '1', '2018-02-05 08:23:47', '2018-02-06 11:02:42', 'bogor', '1990-02-06', 'Laki-Laki', 'ISLAM', '2147483647', '0f98c7a177bfb62e0038a603ee860099.jpg', '4a7b5c7fd9d314b3299784b7647b9be8.jpg'),
(112, 'KDR0000000001', 'sulimah_16@yahoo.com', '58244537fadc7862eb0132a8116986e752a2d853', 'Sulimah', '1', '2018-02-06 09:11:03', '2018-02-12 14:51:30', 'Kota Depok', '2018-02-06', 'Perempuan', 'ISLAM', '1222222222222', '90b5b0991720776d2f1726d0e09bc31d.jpg', 'a3db0913b9cd9f9396e6f17cee3811e4.png'),
(135, 'KDR0000000001', 'andreofficial94@gmail.com', '8b377294bd03e29cbce1a675d822e7c83f202762', 'Andre Pangestu', '1', '2020-11-17 05:15:39', '2020-12-12 19:34:09', 'Jakarta Selatan', '1994-11-03', 'Laki-Laki', 'ISLAM', '099999', 'bdb74967b35ed457f6cad3b5688870d6.jpg', '1cf72c210552ce72099c9a3f2f17eabc.jpg');

-- --------------------------------------------------------

--
-- Table structure for table `tbl_peserta_daftar`
--

CREATE TABLE `tbl_peserta_daftar` (
  `id_peserta_daftar` int(11) NOT NULL,
  `id_m_pelatihan` int(11) DEFAULT NULL,
  `id_akun_peserta` int(11) DEFAULT NULL,
  `alamat` varchar(255) DEFAULT NULL,
  `kode_pos` varchar(255) DEFAULT NULL,
  `no_hp` varchar(50) DEFAULT NULL,
  `pendidikan_terakhir` varchar(255) DEFAULT NULL,
  `nama_kantor` varchar(255) DEFAULT NULL,
  `bidang_usaha` varchar(255) DEFAULT NULL,
  `alamat_kantor` varchar(255) DEFAULT NULL,
  `kode_pos_kantor` int(11) DEFAULT NULL,
  `no_tlp` varchar(50) DEFAULT NULL,
  `jabatan` varchar(255) DEFAULT NULL,
  `div_bagian` varchar(255) DEFAULT NULL,
  `nama_univ` varchar(255) DEFAULT NULL,
  `semester` int(11) DEFAULT NULL,
  `jurusan` varchar(255) DEFAULT NULL,
  `sumber_info` varchar(255) DEFAULT NULL,
  `bersedia_notif` varchar(10) DEFAULT NULL,
  `no_peserta` varchar(255) DEFAULT NULL,
  `status_pembayaran` varchar(255) DEFAULT NULL,
  `kd_registrasi` varchar(255) DEFAULT NULL,
  `create_date` datetime DEFAULT NULL ON UPDATE current_timestamp(),
  `update_date` datetime DEFAULT NULL ON UPDATE current_timestamp(),
  `status_daftar` int(11) DEFAULT NULL,
  `jenis_pembayaran` varchar(255) DEFAULT NULL,
  `pekerjaan` varchar(255) DEFAULT NULL,
  `status_pelatihan` varchar(255) DEFAULT NULL,
  `info` varchar(255) DEFAULT NULL,
  `alasan_pelatihan` varchar(255) DEFAULT NULL,
  `status_konfirmasi` varchar(255) DEFAULT NULL,
  `pembayaran1` int(11) NOT NULL,
  `pembayaran2` int(11) NOT NULL,
  `pembayaran3` int(11) NOT NULL,
  `keterangan` varchar(255) NOT NULL,
  `file_smp` varchar(255) DEFAULT NULL,
  `file_gl` varchar(255) DEFAULT NULL,
  `sts_invoice` varchar(10) DEFAULT NULL,
  `invoice_nama` varchar(255) DEFAULT NULL,
  `invoice_bagian` varchar(255) DEFAULT NULL,
  `invoice_alamat` varchar(255) DEFAULT NULL,
  `sts_aktif_peserta` int(1) DEFAULT NULL,
  `alasan_batal` varchar(255) NOT NULL,
  `file_sertifikat` varchar(255) DEFAULT NULL,
  `alumni` int(11) NOT NULL,
  `verification` int(11) NOT NULL
) ENGINE=InnoDB DEFAULT CHARSET=latin1 ROW_FORMAT=COMPACT;

--
-- Dumping data for table `tbl_peserta_daftar`
--

INSERT INTO `tbl_peserta_daftar` (`id_peserta_daftar`, `id_m_pelatihan`, `id_akun_peserta`, `alamat`, `kode_pos`, `no_hp`, `pendidikan_terakhir`, `nama_kantor`, `bidang_usaha`, `alamat_kantor`, `kode_pos_kantor`, `no_tlp`, `jabatan`, `div_bagian`, `nama_univ`, `semester`, `jurusan`, `sumber_info`, `bersedia_notif`, `no_peserta`, `status_pembayaran`, `kd_registrasi`, `create_date`, `update_date`, `status_daftar`, `jenis_pembayaran`, `pekerjaan`, `status_pelatihan`, `info`, `alasan_pelatihan`, `status_konfirmasi`, `pembayaran1`, `pembayaran2`, `pembayaran3`, `keterangan`, `file_smp`, `file_gl`, `sts_invoice`, `invoice_nama`, `invoice_bagian`, `invoice_alamat`, `sts_aktif_peserta`, `alasan_batal`, `file_sertifikat`, `alumni`, `verification`) VALUES
(13, 2, 95, '', '', '0', '', '', '', '', 0, '0', '', '', '', 0, '', '', '', '', 'Belum Lunas', '', '2018-03-04 18:55:00', '2018-03-04 18:55:00', 1, 'lunas', '', 'Belum', 'Berkas Lengkap', '', '', 0, 0, 0, 'Pengecekkan admin', NULL, NULL, NULL, NULL, NULL, NULL, 1, 'test', NULL, 0, 0),
(14, 1, 95, 'A', '1', '1', '', 'RCTI', 'Media', 'K', 1, '1', 'Web Developer', 'IT', '', 0, '', '', 'Ya', '', 'Belum Lunas', '', '2018-03-05 01:49:53', '2018-03-05 01:49:53', 1, 'lunas', 'PNS', 'Belum', 'Berkas Lengkap', 'Memperoleh pengetahuan untuk bekerja di masa depan', '0', 9950000, 0, 0, 'Pengecekkan admin', NULL, NULL, NULL, NULL, NULL, NULL, 1, '', NULL, 0, 0),
(15, 1, 95, 'Tasikmalaya', '11111', '111111', '', '', '', '', 0, '0', '', '', '', 0, '', 'Website,Spanduk,Media Sosial,Brosur,Teman', 'Ya', '', 'Belum Lunas', '', '2018-04-01 14:24:53', '2018-04-01 14:24:53', 1, 'lunas', 'PNS', 'Belum', 'Berkas Lengkap', 'Mempersiapkan diri untuk ikut ujian sertifikasi', '0', 0, 0, 0, 'Pengecekkan admin', NULL, NULL, NULL, NULL, NULL, NULL, 1, '', NULL, 0, 0),
(16, 16, 95, 'Tasikmalaya', '46155', '089111222333', '', 'RCTI', 'Media', 'Kebon Jeruk', 442221, '2147483647', 'Web Developer', 'Tehnik', 'Bina Nusantara', 4, 'SI', 'Website,Spanduk,Media Sosial,Brosur,Teman', 'Ya', '', 'Lunas', '', '2018-02-07 06:58:19', '2018-02-07 06:58:19', 1, 'lunas', 'PNS', 'Belum', 'Berkas Lengkap', 'Menunjang pekerjaan di kantor', '0', 0, 0, 0, 'Belum konfirmasi', NULL, NULL, NULL, NULL, NULL, NULL, 1, '', NULL, 0, 0),
(17, 9, 95, 'Kebon jeruk', '111111', '909090909', '', '', '', '', 0, '0', '', '', 'Universitas Indonesia', 7, 'Sistem Informasi', 'Media Sosial', 'Ya', '', 'Lunas', '', '2018-02-07 07:13:50', '2018-02-07 07:13:50', 1, 'cicilan', 'Mahasiswa', 'Belum', 'Berkas Lengkap', 'Memperoleh pengetahuan untuk bekerja di masa depan', '0', 3920000, 980000, 0, 'Pengecekkan berhasil', NULL, NULL, NULL, NULL, NULL, NULL, 1, '', NULL, 0, 0),
(18, 12, 95, 'Depok', '111111', '2147483647', '', '', '', '', 0, '0', '', '', '', 0, '', '', 'Ya', '', 'Belum Lunas', '', '2018-02-01 23:13:09', '2018-02-01 23:13:09', 1, 'perusahaan', 'Wiraswasta', 'Belum', 'Upload SMP & Upload GL', 'Mempersiapkan diri untuk ikut ujian sertifikasi', '0', 0, 0, 0, 'Belum konfirmasi', NULL, NULL, NULL, NULL, NULL, NULL, 1, '', NULL, 0, 0),
(19, 20, 95, 'Jamanis', '1111111', '2147483647', '', '', '', '', 0, '0', '', '', '', 0, '', '', 'Ya', '', 'Belum Lunas', '', '2018-02-01 23:13:09', '2018-02-01 23:13:09', 1, 'perusahaan', 'Wiraswasta', 'Belum', 'Berkas Lengkap', 'Memperoleh pengetahuan untuk bekerja di masa depan', '0', 0, 0, 0, 'Pengecekkan berhasil', '5f7d646abb181285b58c388554c3e78b.docx', '82a5920da2371b2e90156885cf555f95.pdf', NULL, NULL, NULL, NULL, 1, '', NULL, 0, 0),
(20, 15, 95, 'A', '1', '1', NULL, '', '', '', 0, '0', '', '', '', 0, '', 'Website,Spanduk,Media Sosial,Brosur,Teman,Lainnya', 'Ya', NULL, NULL, NULL, '2018-02-01 23:13:09', '2018-02-01 23:13:09', 1, 'lunas', 'Wiraswasta', 'Belum', 'Berkas Lengkap', 'Test', '0', 0, 0, 0, 'Pengecekkan admin', NULL, NULL, NULL, NULL, NULL, NULL, 1, '', NULL, 0, 0),
(21, 6, 95, 'Pondok Cina', '1', '2147483647', NULL, '', '', '', 0, '0', '', '', '', 0, '', 'Website,Spanduk,Media Sosial,Lainnya', 'Ya', NULL, 'Belum Lunas', NULL, '2018-02-01 23:13:09', '2018-02-01 23:13:09', 1, 'cicilan', 'Wiraswasta', 'Belum', 'Upload SMP', 'Test', '0', 4400000, 10000, 0, 'Pengecekkan admin', 'c2c17822ffb5c939184b115336ee5b10.docx', NULL, NULL, NULL, NULL, NULL, 1, '', NULL, 0, 0),
(22, 3, 95, 'A', '1', '1', NULL, '', '', '', 0, '0', '', '', '', 0, '', 'Website,Spanduk', 'Ya', NULL, 'Belum Lunas', NULL, '2018-02-01 23:13:09', '2018-02-01 23:13:09', 1, 'cicilan', 'Pegawai Swasta', 'Belum', 'Berkas Lengkap', 'Memperoleh pengetahuan untuk bekerja di masa depan', '0', 0, 0, 0, 'Pengecekkan admin', 'a44de20cd1f3d659ab6b0ac72d8a7879.docx', NULL, NULL, NULL, NULL, NULL, 1, '', NULL, 0, 0),
(23, 16, 95, 'Jakarta', '112233', '8080808', NULL, '', '', '', 0, '0', '', '', '', 0, '', 'Website,Spanduk,Media Sosial,Brosur,Teman', 'Ya', 'AAAAA', NULL, NULL, '2018-02-01 23:37:22', '2018-02-01 23:37:22', 1, 'lunas', 'PNS', 'Belum', 'Berkas Lengkap', 'Test', '0', 3850000, 0, 0, 'Pengecekkan admin', NULL, NULL, NULL, NULL, NULL, NULL, 1, '', NULL, 0, 0),
(24, 18, 95, 'Jakarta', '1', '89080808', NULL, '', '', '', 0, '0', '', '', '', 0, '', 'Website,Spanduk,Media Sosial,Brosur,Teman', 'Ya', NULL, 'Lunas', NULL, '2018-02-01 23:13:09', '2018-02-01 23:13:09', 1, 'cicilan', 'PNS', 'Belum', 'Berkas Lengkap', 'Memperoleh pengetahuan untuk bekerja di masa depan', '0', 2800000, 700000, 0, 'Pengecekkan admin', '7fd81a708101151e6f0ceddce8e6cd5f.docx', NULL, NULL, NULL, NULL, NULL, 1, '', NULL, 0, 0),
(25, 9, 95, 'Jakarta', '1121212', '1323123123', NULL, '', '', '', 0, '0', '', '', '', 0, '', 'Website,Spanduk,Media Sosial,Brosur,Teman', 'Ya', NULL, 'Belum Lunas', NULL, '2018-02-01 23:13:09', '2018-02-01 23:13:09', 1, 'perusahaan', 'PNS', 'Belum', 'Berkas Lengkap', 'Belajar', '0', 4900000, 0, 0, 'Pengecekkan admin', '69d87859a772163fa775ac8426c5a7f0.docx', 'bd546700df140808e92bd4ffe92cf3e0.pdf', NULL, NULL, NULL, NULL, 1, '', NULL, 0, 0),
(28, 1, 95, 'A', '1', '1', NULL, '', '', '', 0, '0', '', '', '', 0, '', 'Spanduk', 'Ya', NULL, 'Belum Lunas', NULL, '2018-03-05 01:40:08', '2018-03-05 01:40:08', 1, 'cicilan', 'PNS', 'Belum mulai', 'Upload SMP', 'Memperoleh pengetahuan untuk bekerja di masa depan', '0', 7960000, 0, 0, 'Pengecekkan admin', NULL, NULL, 'Tidak', '', '', '', 1, 'A', NULL, 0, 0),
(29, 1, 95, 'A', '1', '1', NULL, '', '', '', 0, '0', '', '', '', 0, '', 'Spanduk', 'Ya', NULL, 'Belum Lunas', NULL, '2018-04-01 14:24:56', '2018-04-01 14:24:56', 1, 'cicilan', 'PNS', 'Belum mulai', 'Berkas Lengkap', 'Memperoleh pengetahuan untuk bekerja di masa depan', '0', 7960000, 0, 0, 'Pengecekkan admin', NULL, NULL, 'Tidak', '', '', '', 1, '', NULL, 0, 0),
(30, 15, 95, 'a', '1', '1', NULL, '', '', '', 0, '0', '', '', '', 0, '', 'Spanduk', NULL, NULL, 'Belum Lunas', NULL, '2018-02-01 23:13:09', '2018-02-01 23:13:09', 1, 'lunas', 'PNS', 'Belum mulai', 'Berkas Lengkap', 'Mempersiapkan diri untuk ikut ujian sertifikasi', '0', 0, 0, 0, 'Belum konfirmasi', NULL, NULL, 'Tidak', '', '', '', 1, '', NULL, 0, 0),
(31, 16, 95, 'f', '1', '0', NULL, '', '', '', 0, '0', '', '', '', 0, '', 'Media Sosial', NULL, NULL, 'Belum Lunas', NULL, '2018-03-04 18:54:53', '2018-03-04 18:54:53', 1, 'lunas', 'PNS', 'Belum mulai', 'Berkas Lengkap', 'Menunjang pekerjaan di kantor', '0', 3850000, 0, 0, 'Pengecekkan admin', NULL, NULL, 'Tidak', '', '', '', 1, 'A', NULL, 0, 0),
(32, 5, 96, 'PPA FEB UI. Kampus Universitas Indonesia Depok. Fakultas Ekonomi. Gedung departemen akuntansi lantai 1.', '16424', '2147483647', NULL, '', '', '', 0, '0', '', '', '', 0, '', 'Website,Spanduk', 'Ya', NULL, 'Lunas', NULL, '2018-02-12 06:04:08', '2018-02-12 06:04:08', 1, 'lunas', 'Pegawai Swasta', 'Belum mulai', 'Berkas Lengkap', 'Mempersiapkan diri untuk ikut ujian sertifikasi,Memperoleh pengetahuan untuk bekerja di masa depan', '0', 5000000, 0, 0, 'Pengecekkan berhasil', NULL, NULL, 'Tidak', '', '', '', 1, '', NULL, 0, 0),
(33, 18, 96, 'PPA FEB UI. Kampus Universitas Indonesia Depok. Fakultas Ekonomi. Gedung departemen akuntansi lantai 1.', '12344', '2147483647', NULL, '', '', '', 0, '0', '', '', '', 0, '', 'Spanduk', 'Ya', NULL, 'Belum Lunas', NULL, '2018-03-04 18:54:26', '2018-03-04 18:54:26', 1, 'cicilan', 'Pegawai Swasta', 'Belum mulai', 'Berkas Lengkap', 'Menunjang pekerjaan di kantor', '0', 0, 0, 0, 'Pengecekkan admin', 'e93c2284e01bac8cde022a7099c492b7.jpg', NULL, 'Tidak', '', '', '', 1, 'test lg', NULL, 0, 0),
(34, 2, 96, 'Jakarta', '12540', '2147483647', NULL, 'PPA', '', '', 0, '0', '', '', 'UI', 0, '', 'Website', 'Ya', NULL, 'Belum Lunas', NULL, '2018-04-02 01:56:11', '2018-04-02 01:56:11', 1, 'perusahaan', 'Pegawai Swasta', 'Belum mulai', 'Berkas Lengkap', 'Menunjang pekerjaan di kantor', '0', 0, 0, 0, 'Belum konfirmasi', 'b521d1fb6726e4ce7a79e4550a224909.jpg', '4fda9248124dc504c7029e68461463d6.jpg', 'Ya', 'Dwi Irmawati', 'Keuangan', 'PPA FEB UI. Kampus Universitas Indonesia Depok. Fakultas Ekonomi. Gedung departemen akuntansi lantai 1.', 0, 'Batal BAru', NULL, 0, 0),
(35, 2, 97, 'jsdadasd', '123123', '12312313', NULL, '', '', '', 0, '0', '', '', '', 0, '', 'Website,Media Sosial', 'Ya', NULL, 'Belum Lunas', NULL, '2018-02-12 06:04:22', '2018-02-12 06:04:22', 1, 'perusahaan', 'PNS', 'Belum mulai', 'Upload SMP & Upload GL', 'Menunjang pekerjaan di kantor,Memperoleh pengetahuan untuk bekerja di masa depan', '0', 0, 0, 0, 'Belum konfirmasi', NULL, NULL, 'Ya', 'iwan', 'keuangan', 'jakarta', 1, '', NULL, 0, 0),
(36, 3, 96, 'jakarta', '12540', '2147483647', NULL, '', '', '', 0, '0', '', '', '', 0, '', 'Media Sosial', 'Ya', NULL, 'Belum Lunas', NULL, '2018-02-12 06:04:28', '2018-02-12 06:04:28', 1, 'cicilan', 'Pegawai Swasta', 'Belum mulai', 'Upload SMP', 'Menunjang pekerjaan di kantor', '0', 10320000, 0, 0, 'Pengecekkan admin', NULL, NULL, 'Tidak', '', '', '', 1, '', NULL, 0, 0),
(37, 20, 95, 'Kebon jeruk', '22222222', '2147483647', NULL, '', '', '', 0, '0', '', '', '', 0, '', 'Spanduk', 'Ya', NULL, 'Belum Lunas', NULL, '2018-03-05 01:26:28', '2018-03-05 01:26:28', 1, 'lunas', 'Pegawai Swasta', 'Belum mulai', 'Berkas Lengkap', 'Mempersiapkan diri untuk ikut ujian sertifikasi', '0', 0, 0, 0, 'Belum konfirmasi', NULL, NULL, 'Tidak', '', '', '', 1, 'A', NULL, 0, 0),
(38, 8, 97, 'bogor', '13233', '812728389', NULL, '', '', '', 0, '0', '', '', '', 0, '', 'Website,Spanduk,Media Sosial', 'Tidak', NULL, 'Belum Lunas', NULL, '2018-02-12 06:04:38', '2018-02-12 06:04:38', 1, 'perusahaan', 'Pegawai Swasta', 'Belum mulai', 'Upload SMP & Upload GL', 'Mempersiapkan diri untuk ikut ujian sertifikasi,Lainnya', '0', 0, 0, 0, 'Belum konfirmasi', NULL, NULL, 'Tidak', '', '', '', 1, '', NULL, 0, 0),
(39, 16, 97, 'jakarta', '123123', '2147483647', NULL, '', '', '', 0, '0', '', '', '', 0, '', 'Lainnya', 'Tidak', NULL, 'Lunas', NULL, '2018-04-02 02:08:20', '2018-04-02 02:08:20', 1, 'lunas', 'PNS', 'Belum mulai', 'Berkas Lengkap', 'Memperoleh pengetahuan untuk bekerja di masa depan', '0', 3850000, 0, 0, 'Pengecekkan berhasil', NULL, NULL, 'Tidak', '', '', '', 0, 'A', NULL, 0, 0),
(40, 18, 97, 'jalan raya', '123123', '9123123', NULL, '', '', '', 0, '0', '', '', '', 0, '', 'Website,Teman', 'Ya', NULL, 'Belum Lunas', NULL, '2018-04-02 01:56:45', '2018-04-02 01:56:45', 1, 'cicilan', 'Pegawai Swasta', 'Belum mulai', 'Upload SMP', 'Mempersiapkan diri untuk ikut ujian sertifikasi,Memperoleh pengetahuan untuk bekerja di masa depan', '0', 0, 0, 0, 'Belum konfirmasi', NULL, NULL, 'Tidak', '', '', '', 1, '', NULL, 0, 0),
(41, 12, 96, 'Jakarta', '082121212', '085222999000', NULL, '', '', '', 0, '0', '', '', '', 0, '', 'Spanduk', 'Ya', NULL, 'Belum Lunas', NULL, '2018-04-02 01:56:45', '2018-04-02 01:56:45', 1, 'perusahaan', 'Pegawai Swasta', 'Belum mulai', 'Berkas Lengkap', 'Memperoleh pengetahuan untuk bekerja di masa depan', '0', 5250000, 0, 0, 'Pengecekkan admin', 'd531980eb74849a744d2bd53f6fe418b.jpg', '43b6bd872e1e3dcf68c1024461bc75d1.jpg', 'Ya', 'Bapak Andre', 'GM', 'Depok', 1, '', NULL, 0, 0),
(42, 2, 96, 'sdasd', '21412', '08900044223', NULL, '', '', '', 0, '0', '', '', '', 0, '', 'Spanduk', 'Ya', NULL, 'Belum Lunas', NULL, '2018-04-02 01:56:45', '2018-04-02 01:56:45', 1, 'cicilan', 'Pegawai Swasta', 'Belum mulai', 'Upload SMP', 'Mempersiapkan diri untuk ikut ujian sertifikasi', '0', 7800000, 0, 0, 'Pengecekkan berhasil', NULL, NULL, 'Tidak', '', '', '', 1, '', NULL, 0, 0),
(43, 1, 111, 'bogor', '123456', '08712282828', NULL, 'ui', 'pendidikan', 'depok', 0, '0', '', '', 'universitas indonesia', 6, 'sistem komputer', 'Media Sosial,Teman', 'Ya', NULL, 'Belum Lunas', NULL, '2020-11-27 09:53:21', '2020-11-27 09:53:21', 1, 'lunas', 'Pegawai Swasta', 'Belum mulai', 'Berkas Lengkap', 'Menunjang pekerjaan di kantor,Mempersiapkan diri untuk ikut ujian sertifikasi,Memperoleh pengetahuan untuk bekerja di masa depan', '0', 0, 0, 0, 'Belum konfirmasi', NULL, NULL, 'Tidak', '', '', '', 1, '', NULL, 0, 0),
(44, 2, 111, 'bogor', '182828', '081929292', NULL, '', '', '', 0, '0', '', '', '', 0, '', 'Spanduk', 'Tidak', NULL, 'Belum Lunas', NULL, '2018-04-02 01:56:45', '2018-04-02 01:56:45', 1, 'cicilan', 'Pegawai Swasta', 'Belum mulai', 'Berkas Lengkap', 'Menunjang pekerjaan di kantor', '0', 0, 0, 0, 'Pengecekkan admin', '35b76e50c36fdefcdf614a3a72e6f33d.png', NULL, 'Tidak', '', '', '', 1, '', NULL, 0, 0),
(45, 1, 95, 'asdasd', '31212', '24214214', NULL, '', '', '', 0, '0', '', '', '', 0, '', 'Media Sosial', 'Ya', NULL, 'Belum Lunas', NULL, '2020-12-10 10:32:29', '2020-12-10 10:32:29', 1, 'lunas', 'PNS', 'Belum mulai', 'Berkas Lengkap', 'Menunjang pekerjaan di kantor', '0', 0, 0, 0, 'Belum konfirmasi', NULL, NULL, 'Tidak', '', '', '', 0, 'sakit', NULL, 0, 0),
(46, 2, 95, 'sdfasfas', '2312', '2121', NULL, '', '', '', 0, '0', '', '', '', 0, '', 'Spanduk', 'Ya', NULL, 'Belum Lunas', NULL, '2018-04-02 01:56:45', '2018-04-02 01:56:45', 1, 'lunas', 'PNS', 'Belum mulai', 'Berkas Lengkap', 'Memperoleh pengetahuan untuk bekerja di masa depan', '0', 9750000, 0, 0, 'Pengecekkan admin', NULL, NULL, 'Tidak', '', '', '', 1, '', NULL, 0, 0),
(47, 2, 95, 'sssfasffs', '2123241', '35253325235', NULL, '', '', '', 0, '0', '', '', '', 0, '', 'Media Sosial', 'Ya', NULL, 'Belum Lunas', NULL, '2018-04-02 01:56:45', '2018-04-02 01:56:45', 1, 'lunas', 'Mahasiswa', 'Belum mulai', 'Berkas Lengkap', 'Mempersiapkan diri untuk ikut ujian sertifikasi', '0', 0, 0, 0, 'Pengecekkan admin', NULL, NULL, 'Tidak', '', '', '', 1, '', NULL, 0, 0),
(48, 18, 111, 'bogor', '12312312', '08172828282', NULL, '', '', '', 0, '0', '', '', '', 0, '', 'Spanduk,Media Sosial', 'Ya', NULL, 'Belum Lunas', NULL, '2018-04-02 01:56:45', '2018-04-02 01:56:45', 1, 'perusahaan', 'Wiraswasta', 'Belum mulai', 'Upload SMP & Upload GL', 'Menunjang pekerjaan di kantor', '0', 0, 0, 0, 'Belum konfirmasi', NULL, NULL, 'Tidak', '', '', '', 1, '', NULL, 0, 0),
(49, 17, 111, 'bogor', '12312312', '092092092', NULL, '', '', '', 0, '0', '', '', '', 0, '', 'Spanduk,Media Sosial', 'Ya', NULL, 'Belum Lunas', NULL, '2018-04-02 01:56:45', '2018-04-02 01:56:45', 1, 'lunas', 'Pegawai Swasta', 'Belum mulai', 'Berkas Lengkap', 'Menunjang pekerjaan di kantor,Mempersiapkan diri untuk ikut ujian sertifikasi', '0', 0, 0, 0, 'Belum konfirmasi', NULL, NULL, 'Tidak', '', '', '', 1, '', NULL, 0, 0),
(50, 2, 111, 'esdfdas', '123123', '123123123', NULL, '', '', '', 0, '0', '', '', '', 0, '', 'Website,Brosur', 'Tidak', NULL, 'Belum Lunas', NULL, '2018-04-02 01:56:45', '2018-04-02 01:56:45', 1, 'cicilan', 'Pegawai Swasta', 'Belum mulai', 'Berkas Lengkap', 'Mempersiapkan diri untuk ikut ujian sertifikasi,Lainnya', '0', 0, 0, 0, 'Pengecekkan admin', '1512d2f14f38e65ed3ecfa150ffef513.jpg', NULL, 'Tidak', '', '', '', 1, '', NULL, 0, 0),
(51, 5, 97, 'dfsdads', '123123', '123123123', NULL, '', '', '', 0, '0', '', '', '', 0, '', 'Media Sosial', 'Tidak', NULL, 'Belum Lunas', NULL, '2018-04-02 01:56:45', '2018-04-02 01:56:45', 1, 'lunas', 'Pegawai Swasta', 'Belum mulai', 'Berkas Lengkap', 'Menunjang pekerjaan di kantor', '0', 0, 0, 0, 'Belum konfirmasi', NULL, NULL, 'Tidak', '', '', '', 1, '', NULL, 0, 0),
(52, 12, 112, 'Jakarta', '12540', '081298554248', NULL, 'PPA FEB UI', 'Jasa', 'PPA FEB UI. Kampus Universitas Indonesia Depok. Fakultas Ekonomi. Gedung departemen akuntansi lantai 1.', 16424, '2147483647', 'Staf Koordinator', 'Konsultasi', '', 0, '', 'Website', 'Ya', NULL, 'Lunas', NULL, '2018-04-02 01:56:45', '2018-04-02 01:56:45', 1, 'lunas', 'Pegawai Swasta', 'Belum mulai', 'Berkas Lengkap', 'Menunjang pekerjaan di kantor', '0', 5250000, 0, 0, 'Pengecekkan berhasil', NULL, NULL, 'Tidak', '', '', '', 1, '', NULL, 0, 0),
(53, 2, 112, 'PPA FEB UI. Kampus Universitas Indonesia Depok. Fakultas Ekonomi. Gedung departemen akuntansi lantai 1.', '16424', '081298554248', NULL, '', '', '', 0, '0', '', '', '', 0, '', 'Media Sosial', 'Ya', NULL, 'Lunas', NULL, '2018-04-02 02:11:26', '2018-04-02 02:11:26', 1, 'cicilan', 'Mahasiswa', 'Belum mulai', 'Berkas Lengkap', 'Menunjang pekerjaan di kantor', '0', 7800000, 1950000, 0, 'Pengecekkan berhasil', '', NULL, 'Tidak', '', '', '', 0, 'A', NULL, 0, 0),
(54, 3, 112, 'Jakarta', '12540', '081298554248', NULL, '', '', '', 0, '', '', '', '', 0, '', 'Website', 'Ya', NULL, 'Belum Lunas', NULL, '2018-04-02 07:37:04', '2018-04-02 07:37:04', 1, 'cicilan', 'Pegawai Swasta', 'Belum mulai', 'Berkas Lengkap', 'Menunjang pekerjaan di kantor', '0', 10320000, 0, 0, 'Pengecekkan berhasil', 'b06cc0b49e2506edb23233cf4628feef.png', NULL, 'Ya', '', '', '', 1, 'jadwal bentrok dengan kuliah', NULL, 0, 0),
(55, 16, 96, 'PPA FEB UI. Kampus Universitas Indonesia Depok. Fakultas Ekonomi. Gedung departemen akuntansi lantai 1.', '16424', '081298554248', NULL, 'PPA FEB UI', 'Jasa', 'PPA FEB UI. Kampus Universitas Indonesia Depok. Fakultas Ekonomi. Gedung departemen akuntansi lantai 1.', 16424, '02178849170', 'Staf Koordinator', 'Konsultasi', '', 0, '', 'Website', 'Ya', NULL, 'Belum Lunas', NULL, '2018-04-02 02:02:36', '2018-04-02 02:02:36', 1, 'cicilan', 'Pegawai Swasta', 'Belum mulai', 'Berkas Lengkap', 'Menunjang pekerjaan di kantor', '0', 0, 0, 0, 'Belum konfirmasi', 'e1be714126ac4ba5dce375cdd36bb6ea.pdf', NULL, 'Tidak', '', '', '', 0, 'Batal aja', NULL, 0, 0),
(56, NULL, NULL, NULL, NULL, NULL, NULL, NULL, NULL, NULL, NULL, NULL, NULL, NULL, NULL, NULL, NULL, NULL, NULL, NULL, NULL, NULL, '0000-00-00 00:00:00', '0000-00-00 00:00:00', NULL, NULL, NULL, NULL, NULL, NULL, NULL, 0, 0, 0, '', NULL, NULL, NULL, NULL, NULL, NULL, NULL, '', NULL, 0, 0),
(57, NULL, NULL, NULL, NULL, NULL, NULL, NULL, NULL, NULL, NULL, NULL, NULL, NULL, NULL, NULL, NULL, NULL, NULL, NULL, NULL, NULL, '0000-00-00 00:00:00', '0000-00-00 00:00:00', NULL, NULL, NULL, NULL, NULL, NULL, NULL, 0, 0, 0, '', NULL, NULL, NULL, NULL, NULL, NULL, NULL, '', NULL, 0, 0),
(58, 11, 95, 'Tasik', '9797979', '9797979797', NULL, '', '', '', 0, '', '', '', '', 0, '', 'Media Sosial', 'Ya', NULL, 'Belum Lunas', NULL, '2018-04-02 03:07:16', '2018-04-02 03:07:16', 1, 'lunas', 'PNS', 'Belum mulai', 'Berkas Lengkap', 'Menunjang pekerjaan di kantor', '0', 0, 0, 0, 'Belum konfirmasi', NULL, NULL, 'Tidak', '', '', '', 1, '0', NULL, 0, 0),
(59, 11, 95, 'T', '76867', '09876545', NULL, '', '', '', 0, '', '', '', '', 0, '', 'Media Sosial', 'Ya', NULL, 'Belum Lunas', NULL, '2018-04-02 03:08:22', '2018-04-02 03:08:22', 1, 'lunas', 'PNS', 'Belum mulai', 'Berkas Lengkap', 'Mempersiapkan diri untuk ikut ujian sertifikasi', '0', 0, 0, 0, 'Belum konfirmasi', NULL, NULL, 'Tidak', '', '', '', 1, '0', NULL, 0, 0),
(60, 4, 95, 'AA', '3213', '0980789', NULL, '', '', '', 0, '', '', '', '', 0, '', 'Spanduk', 'Ya', NULL, 'Belum Lunas', NULL, '2018-04-02 03:10:55', '2018-04-02 03:10:55', 1, 'lunas', 'PNS', 'Belum mulai', 'Berkas Lengkap', 'Menunjang pekerjaan di kantor', '0', 0, 0, 0, 'Belum konfirmasi', NULL, NULL, 'Tidak', '', '', '', 1, '0', NULL, 0, 0),
(63, 1, 135, 'asasas', '23123', '32132', NULL, '213123', '213123', '123123', 123123, '123123', '123123', '123123', '', 0, '', 'Spanduk,Media Sosial', 'Ya', NULL, 'Belum Lunas', NULL, '2020-12-07 05:55:17', '2020-12-07 05:55:17', 1, 'lunas', 'PNS', 'Belum mulai', 'Berkas Lengkap', 'Menunjang pekerjaan di kantor,Mempersiapkan diri untuk ikut ujian sertifikasi', '0', 0, 0, 0, 'Belum konfirmasi', NULL, NULL, 'Tidak', '', '', '', 1, '0', NULL, 0, 0),
(64, 2, 135, 'fasfas', '1232', '213123', NULL, 'a2312', '3123', '213123', 123123, '21312', '3123', '12312', '', 0, '', 'Lainnya', 'Tidak', NULL, 'Belum Lunas', NULL, '2020-12-07 06:22:14', '2020-12-07 06:22:14', 1, 'lunas', 'PNS', 'Belum mulai', 'Berkas Lengkap', 'Lainnya', '0', 0, 0, 0, 'Belum konfirmasi', NULL, NULL, 'Tidak', '', '', '', 1, '0', NULL, 0, 0),
(65, 3, 135, 'dsadsa', '12312', '0983423', NULL, '234', '2342332', '4324', 324234, '23423', '23423423423', '23423', '', 0, '', 'Spanduk', 'Tidak', NULL, 'Belum Lunas', NULL, '2020-12-07 06:23:47', '2020-12-07 06:23:47', 1, 'lunas', 'PNS', 'Belum mulai', 'Berkas Lengkap', 'Mempersiapkan diri untuk ikut ujian sertifikasi', '0', 0, 0, 0, 'Belum konfirmasi', NULL, NULL, 'Tidak', '', '', '', 1, '0', NULL, 0, 0),
(66, 7, 135, 'fdfsd', '423432', '0967867', NULL, '32432', '23423', '234234', 23423, '23423', '23423', '23423', '', 0, '', 'Website,Spanduk', 'Tidak', NULL, 'Belum Lunas', NULL, '2020-12-07 06:28:24', '2020-12-07 06:28:24', 1, 'lunas', 'PNS', 'Belum mulai', 'Berkas Lengkap', 'Memperoleh pengetahuan untuk bekerja di masa depan,Lainnya', '0', 0, 0, 0, 'Belum konfirmasi', NULL, NULL, 'Tidak', '', '', '', 1, '0', NULL, 0, 0),
(67, 17, 135, 'sdasd', '2132', '123123', NULL, 'asdasd', 'sadsd', 'asdasd', 2312, '3123', 'sdfsd', 'dsfsdf', '', 0, '', 'Media Sosial', 'Tidak', NULL, 'Belum Lunas', NULL, '2020-12-07 06:37:54', '2020-12-07 06:37:54', 1, 'lunas', 'Pegawai Swasta', 'Belum mulai', 'Berkas Lengkap', 'Lainnya', '0', 0, 0, 0, 'Belum konfirmasi', NULL, NULL, 'Tidak', '', '', '', 1, '0', NULL, 0, 0),
(68, 59, 135, 'tasik', '22222', '08294124124', NULL, 'dasda', 'asdasd', 'asdasd', 23123, '123123', 'sdfsd', 'sfs', '', 0, '', 'Spanduk,Media Sosial', NULL, NULL, 'Lunas', NULL, '2020-12-10 06:29:00', '2020-12-10 06:29:00', 1, 'lunas', 'PNS', 'Belum mulai', 'Berkas Lengkap', 'Menunjang pekerjaan di kantor,Lainnya', '0', 200000, 0, 0, 'Pengecekkan berhasil', NULL, NULL, 'Tidak', '', '', '', 1, '0', NULL, 0, 0),
(69, 12, 135, 'fsdfs', '34242', '324234', NULL, 'dasda', 'qweqw', 'wqee', 21323, '12312', 'qwrqw', 'qfasf', '', 0, '', 'Media Sosial,Lainnya', 'Ya', NULL, 'Belum Lunas', NULL, '2020-12-10 05:37:05', '2020-12-10 05:37:05', 1, 'perusahaan', 'Pegawai Swasta', 'Belum mulai', 'Berkas Lengkap', 'Lainnya', '0', 0, 0, 0, 'Belum konfirmasi', '', '', 'Tidak', '', '', '', 1, '0', NULL, 0, 0),
(70, 18, 135, 'wdqwd', '213214', '0879789', NULL, '', '', '', 0, '', '', '', '', 0, '', 'Website,Media Sosial,Lainnya', NULL, NULL, 'Lunas', NULL, '2020-12-12 19:47:25', '2020-12-12 19:47:25', 1, 'lunas', 'PNS', 'Belum mulai', 'Berkas Lengkap', 'Mempersiapkan diri untuk ikut ujian sertifikasi', '0', 3500000, 0, 0, 'Pengecekkan berhasil', NULL, NULL, 'Tidak', '', '', '', 1, '0', NULL, 0, 0);

-- --------------------------------------------------------

--
-- Table structure for table `tbl_tagihan`
--

CREATE TABLE `tbl_tagihan` (
  `id_tagihan` int(11) NOT NULL,
  `id_peserta_daftar` int(11) DEFAULT NULL,
  `pembayaran1` int(11) DEFAULT NULL,
  `pembayaran2` int(11) DEFAULT NULL,
  `pembayaran3` int(11) DEFAULT NULL,
  `jns_pembayaran` varchar(255) DEFAULT NULL
) ENGINE=InnoDB DEFAULT CHARSET=latin1 ROW_FORMAT=COMPACT;

-- --------------------------------------------------------

--
-- Table structure for table `tbl_waktu`
--

CREATE TABLE `tbl_waktu` (
  `kd_waktu` int(11) NOT NULL,
  `nm_waktu` varchar(255) DEFAULT NULL
) ENGINE=InnoDB DEFAULT CHARSET=latin1 ROW_FORMAT=COMPACT;

-- --------------------------------------------------------

--
-- Table structure for table `users`
--

CREATE TABLE `users` (
  `id` int(11) UNSIGNED NOT NULL,
  `ip_address` varchar(45) NOT NULL,
  `password` varchar(255) NOT NULL,
  `salt` varchar(255) DEFAULT NULL,
  `email` varchar(100) NOT NULL,
  `activation_code` varchar(40) DEFAULT NULL,
  `forgotten_password_code` varchar(40) DEFAULT NULL,
  `forgotten_password_time` int(11) UNSIGNED DEFAULT NULL,
  `remember_code` varchar(40) DEFAULT NULL,
  `created_on` datetime DEFAULT NULL,
  `last_login` datetime DEFAULT NULL,
  `active` tinyint(1) UNSIGNED DEFAULT NULL,
  `first_name` varchar(50) DEFAULT NULL,
  `last_name` varchar(50) DEFAULT NULL,
  `company` varchar(100) DEFAULT NULL,
  `phone` varchar(20) DEFAULT NULL,
  `id_lvl_admin` int(1) DEFAULT NULL,
  `admin_jurusan` varchar(255) DEFAULT NULL,
  `status_active` tinyint(1) DEFAULT NULL
) ENGINE=InnoDB DEFAULT CHARSET=utf8 ROW_FORMAT=COMPACT;

--
-- Dumping data for table `users`
--

INSERT INTO `users` (`id`, `ip_address`, `password`, `salt`, `email`, `activation_code`, `forgotten_password_code`, `forgotten_password_time`, `remember_code`, `created_on`, `last_login`, `active`, `first_name`, `last_name`, `company`, `phone`, `id_lvl_admin`, `admin_jurusan`, `status_active`) VALUES
(1, '127.0.0.1', '$2a$07$SeBknntpZror9uyftVopmu61qg0ms8Qv1yV6FG.kQOSM.9QhmTo36', '', 'admin@admin.com', '', 'l8BXgAElZ-P-wuldOgHO.e1231387815dd15a52a', 1460955456, 'bv5MIhXZyILdZu0m574.F.', '0000-00-00 00:00:00', '2020-12-12 19:33:40', 1, 'Admin', 'istrator', 'ADMIN', '0', 1, NULL, 1),
(2, '::1', '$2y$08$V7OHmGhjT.0bWVDoteGvB.UND6vaOaTWtTjpyymKGeO5HzP8d4qSy', NULL, 'sulimah.16@gmail.com', NULL, 'G091VKo66oQdCc4vp.qQXu66325bccba699d79a3', 1462268706, NULL, '0000-00-00 00:00:00', '0000-00-00 00:00:00', 1, 'imah', 'imah', 'ppa', '081298554248', NULL, '', 1),
(3, '::1', '$2y$08$LJATD2N7gVoLsQD3YfXxNObP1.Wcxp4a5vHlvo7wdEQKwJxGtrIWO', NULL, 'andri.sulaksono@gmail.com', NULL, NULL, NULL, NULL, '0000-00-00 00:00:00', '0000-00-00 00:00:00', 1, 'andri', 'sulaksono', 'ppa', '081298554248', NULL, NULL, 1),
(4, '::1', '$2y$08$4QMPAbMP9mKkJz2/j78c0u.1jrECJUnTbhMJ.7jQVhEfN3EqoCF.K', NULL, 'mala@ppa.com', NULL, NULL, NULL, NULL, '0000-00-00 00:00:00', '0000-00-00 00:00:00', 1, 'mala', 'mala', 'ppa', '0888', NULL, NULL, 1),
(5, '::1', '$2y$08$Goo23n9vqfJHhjLvWfAs7OrMYcDmrjJiButMLTWdpEqRdNMqXNH.e', NULL, 'imah@ppa-feui.com', '9bea47109f286c9b84d45827d234beca2749bddf', NULL, NULL, NULL, '0000-00-00 00:00:00', NULL, 0, 'imah', 'imah', 'ppa', '081298554248', NULL, NULL, 1),
(35, '::1', '$2y$08$z1hh4mfpemnOxy5jnGL/HOHeaTfYKXrTJnIM/61uywShYuzN.abnu', NULL, 'andre@gmail.com', '08989ecc5477a2dffdcc44fbbcc7559bf202d060', NULL, NULL, NULL, '2018-05-18 16:26:38', '2018-05-22 05:09:06', 0, 'andreaa', 'walkera', 'andre', '1213123123123', 1, NULL, 1),
(36, '::1', '$2y$08$T8XtFRWYFdr/zRU7HN3lB.zzwe3MZBQKdWVBfIHmEqeXpk9g4/uEi', NULL, 'aaaa@gmail.com', '2c91b1d9cf9f02368d79a3e853573b126cc106e8', NULL, NULL, NULL, '2018-05-19 12:09:53', NULL, 0, 'aaaAACCBB', 'bbbbAAV', 'ccc', '1212121', 3, '', 1),
(37, '::1', '$2y$08$2XlNCuYSWJSdg.Mj1hWdvOzZmGl4kqsWssZrD.MqqLdj4/Awy8pse', NULL, 'zayn@gmail.com', '2dc438b2577d7b3c55cbf10b7a199820e016ad89', NULL, NULL, NULL, '2018-05-19 12:47:03', '2018-05-20 22:17:55', 0, 'Zayn', 'Malik', 'OD', '31312321312', 2, 'AAA', 1),
(38, '::1', '$2y$08$4/GCTRKK5MI8xyDbKqFluePAGu9h/lQjDKJ.VSHgODAVbT.x9UkfO', NULL, 'boss@gmail.com', 'b958b20cdb08ed486ebee368a1783c5ae5d3c43e', NULL, NULL, NULL, '2018-05-19 12:47:42', '2018-05-19 13:12:26', 0, 'Big', 'Boss', 'PPA', '312412412412', 4, NULL, 1),
(39, '192.168.64.1', '$2y$08$RLrr3ezxuTqlx00lKCiUeelX2vESPzz/nymx75RBMsa6gTFVi8we6', NULL, 'andre@payfazz.com', '08b9079cd2aa846e6b8816eacae8f251e0209c70', NULL, NULL, NULL, '2019-10-01 05:14:30', '2019-10-06 02:14:06', 1, 'andre', 'pangestu', 'pt payfazz', '08990412612', 1, NULL, 1);

-- --------------------------------------------------------

--
-- Table structure for table `users_groups`
--

CREATE TABLE `users_groups` (
  `id` int(11) UNSIGNED NOT NULL,
  `user_id` int(11) UNSIGNED NOT NULL,
  `group_id` mediumint(8) UNSIGNED NOT NULL
) ENGINE=InnoDB DEFAULT CHARSET=utf8 ROW_FORMAT=COMPACT;

--
-- Dumping data for table `users_groups`
--

INSERT INTO `users_groups` (`id`, `user_id`, `group_id`) VALUES
(11, 1, 1),
(14, 2, 3),
(15, 3, 3),
(13, 4, 3),
(16, 5, 3),
(41, 35, 1),
(42, 36, 1),
(43, 37, 1),
(44, 38, 1),
(45, 39, 3);

--
-- Indexes for dumped tables
--

--
-- Indexes for table `akademik_konsentrasi`
--
ALTER TABLE `akademik_konsentrasi`
  ADD PRIMARY KEY (`konsentrasi_id`) USING BTREE;

--
-- Indexes for table `akademik_krs`
--
ALTER TABLE `akademik_krs`
  ADD PRIMARY KEY (`krs_id`) USING BTREE;

--
-- Indexes for table `akademik_prodi`
--
ALTER TABLE `akademik_prodi`
  ADD PRIMARY KEY (`prodi_id`) USING BTREE;

--
-- Indexes for table `akademik_registrasi`
--
ALTER TABLE `akademik_registrasi`
  ADD PRIMARY KEY (`registrasi_id`) USING BTREE;

--
-- Indexes for table `akademik_tahun_akademik`
--
ALTER TABLE `akademik_tahun_akademik`
  ADD PRIMARY KEY (`tahun_akademik_id`) USING BTREE;

--
-- Indexes for table `akademik_waktu_kuliah`
--
ALTER TABLE `akademik_waktu_kuliah`
  ADD PRIMARY KEY (`waktu_id`) USING BTREE;

--
-- Indexes for table `app_agama`
--
ALTER TABLE `app_agama`
  ADD PRIMARY KEY (`agama_id`) USING BTREE;

--
-- Indexes for table `app_dosen`
--
ALTER TABLE `app_dosen`
  ADD PRIMARY KEY (`dosen_id`) USING BTREE;

--
-- Indexes for table `app_gedung`
--
ALTER TABLE `app_gedung`
  ADD PRIMARY KEY (`gedung_id`) USING BTREE;

--
-- Indexes for table `app_ruangan`
--
ALTER TABLE `app_ruangan`
  ADD PRIMARY KEY (`ruangan_id`) USING BTREE;

--
-- Indexes for table `app_users`
--
ALTER TABLE `app_users`
  ADD PRIMARY KEY (`id_users`) USING BTREE;

--
-- Indexes for table `app_waktu`
--
ALTER TABLE `app_waktu`
  ADD PRIMARY KEY (`waktu_id`) USING BTREE;

--
-- Indexes for table `data_frontoffice`
--
ALTER TABLE `data_frontoffice`
  ADD PRIMARY KEY (`id`) USING BTREE;

--
-- Indexes for table `faq`
--
ALTER TABLE `faq`
  ADD PRIMARY KEY (`id`) USING BTREE;

--
-- Indexes for table `groups`
--
ALTER TABLE `groups`
  ADD PRIMARY KEY (`id`) USING BTREE;

--
-- Indexes for table `inbox`
--
ALTER TABLE `inbox`
  ADD PRIMARY KEY (`ID`) USING BTREE;

--
-- Indexes for table `keuangan_biaya_kuliah`
--
ALTER TABLE `keuangan_biaya_kuliah`
  ADD PRIMARY KEY (`biaya_kuliah_id`) USING BTREE;

--
-- Indexes for table `keuangan_jenis_bayar`
--
ALTER TABLE `keuangan_jenis_bayar`
  ADD PRIMARY KEY (`jenis_bayar_id`) USING BTREE;

--
-- Indexes for table `keuangan_pembayaran`
--
ALTER TABLE `keuangan_pembayaran`
  ADD PRIMARY KEY (`pembayaran_id`) USING BTREE;

--
-- Indexes for table `keuangan_pembayaran_detail`
--
ALTER TABLE `keuangan_pembayaran_detail`
  ADD PRIMARY KEY (`pembayara_detail_id`) USING BTREE;

--
-- Indexes for table `login_attempts`
--
ALTER TABLE `login_attempts`
  ADD PRIMARY KEY (`id`) USING BTREE;

--
-- Indexes for table `mainmenu`
--
ALTER TABLE `mainmenu`
  ADD PRIMARY KEY (`id_mainmenu`) USING BTREE;

--
-- Indexes for table `makul_kelompok`
--
ALTER TABLE `makul_kelompok`
  ADD PRIMARY KEY (`kelompok_id`) USING BTREE;

--
-- Indexes for table `makul_matakuliah`
--
ALTER TABLE `makul_matakuliah`
  ADD PRIMARY KEY (`makul_id`) USING BTREE;

--
-- Indexes for table `outbox`
--
ALTER TABLE `outbox`
  ADD PRIMARY KEY (`ID`) USING BTREE,
  ADD KEY `outbox_date` (`SendingDateTime`,`SendingTimeOut`) USING BTREE,
  ADD KEY `outbox_sender` (`SenderID`) USING BTREE;

--
-- Indexes for table `outbox_multipart`
--
ALTER TABLE `outbox_multipart`
  ADD PRIMARY KEY (`ID`,`SequencePosition`) USING BTREE;

--
-- Indexes for table `pbk`
--
ALTER TABLE `pbk`
  ADD PRIMARY KEY (`ID`) USING BTREE;

--
-- Indexes for table `pbk_groups`
--
ALTER TABLE `pbk_groups`
  ADD PRIMARY KEY (`ID`) USING BTREE;

--
-- Indexes for table `phones`
--
ALTER TABLE `phones`
  ADD PRIMARY KEY (`IMEI`) USING BTREE;

--
-- Indexes for table `sentitems`
--
ALTER TABLE `sentitems`
  ADD PRIMARY KEY (`ID`,`SequencePosition`) USING BTREE,
  ADD KEY `sentitems_date` (`DeliveryDateTime`) USING BTREE,
  ADD KEY `sentitems_tpmr` (`TPMR`) USING BTREE,
  ADD KEY `sentitems_dest` (`DestinationNumber`) USING BTREE,
  ADD KEY `sentitems_sender` (`SenderID`) USING BTREE;

--
-- Indexes for table `student_angkatan`
--
ALTER TABLE `student_angkatan`
  ADD PRIMARY KEY (`angkatan_id`) USING BTREE;

--
-- Indexes for table `student_mahasiswa`
--
ALTER TABLE `student_mahasiswa`
  ADD PRIMARY KEY (`mahasiswa_id`) USING BTREE;

--
-- Indexes for table `submenu`
--
ALTER TABLE `submenu`
  ADD PRIMARY KEY (`id_submenu`) USING BTREE;

--
-- Indexes for table `tbl_history_pembayaran`
--
ALTER TABLE `tbl_history_pembayaran`
  ADD PRIMARY KEY (`kd_bayar`) USING BTREE;

--
-- Indexes for table `tbl_jns_pelatihan`
--
ALTER TABLE `tbl_jns_pelatihan`
  ADD PRIMARY KEY (`kd_jns_pelatihan`) USING BTREE;

--
-- Indexes for table `tbl_jns_pembayaran`
--
ALTER TABLE `tbl_jns_pembayaran`
  ADD PRIMARY KEY (`id_jns_pembayaran`) USING BTREE;

--
-- Indexes for table `tbl_komentar`
--
ALTER TABLE `tbl_komentar`
  ADD PRIMARY KEY (`id_komentar`) USING BTREE;

--
-- Indexes for table `tbl_konfirmasi_bayar`
--
ALTER TABLE `tbl_konfirmasi_bayar`
  ADD PRIMARY KEY (`id_konfirmasi_bayar`) USING BTREE;

--
-- Indexes for table `tbl_level_admin`
--
ALTER TABLE `tbl_level_admin`
  ADD PRIMARY KEY (`id_lvl_admin`) USING BTREE;

--
-- Indexes for table `tbl_lokasi`
--
ALTER TABLE `tbl_lokasi`
  ADD PRIMARY KEY (`kd_lokasi`) USING BTREE;

--
-- Indexes for table `tbl_lokasi_pelatihan`
--
ALTER TABLE `tbl_lokasi_pelatihan`
  ADD PRIMARY KEY (`kd_pel_lok`) USING BTREE;

--
-- Indexes for table `tbl_m_pelatihan`
--
ALTER TABLE `tbl_m_pelatihan`
  ADD PRIMARY KEY (`kd_m_pelatihan`) USING BTREE;

--
-- Indexes for table `tbl_notif`
--
ALTER TABLE `tbl_notif`
  ADD PRIMARY KEY (`id_notif`) USING BTREE;

--
-- Indexes for table `tbl_notif_admin`
--
ALTER TABLE `tbl_notif_admin`
  ADD PRIMARY KEY (`id_notif_admin`) USING BTREE;

--
-- Indexes for table `tbl_pelatihan_lokasi`
--
ALTER TABLE `tbl_pelatihan_lokasi`
  ADD PRIMARY KEY (`id_lokasi`) USING BTREE;

--
-- Indexes for table `tbl_pelatihan_master`
--
ALTER TABLE `tbl_pelatihan_master`
  ADD PRIMARY KEY (`id_m_pelatihan`) USING BTREE;

--
-- Indexes for table `tbl_pelatihan_nama`
--
ALTER TABLE `tbl_pelatihan_nama`
  ADD PRIMARY KEY (`id_nama_pelatihan`) USING BTREE;

--
-- Indexes for table `tbl_pelatihan_peserta`
--
ALTER TABLE `tbl_pelatihan_peserta`
  ADD PRIMARY KEY (`kd_pel_peserta`) USING BTREE;

--
-- Indexes for table `tbl_pelatihan_tipe`
--
ALTER TABLE `tbl_pelatihan_tipe`
  ADD PRIMARY KEY (`id_tipe_pelatihan`) USING BTREE;

--
-- Indexes for table `tbl_pelatihan_waktu`
--
ALTER TABLE `tbl_pelatihan_waktu`
  ADD PRIMARY KEY (`id_waktu`) USING BTREE;

--
-- Indexes for table `tbl_peserta_akun`
--
ALTER TABLE `tbl_peserta_akun`
  ADD PRIMARY KEY (`id_akun_peserta`) USING BTREE;

--
-- Indexes for table `tbl_peserta_daftar`
--
ALTER TABLE `tbl_peserta_daftar`
  ADD PRIMARY KEY (`id_peserta_daftar`) USING BTREE;

--
-- Indexes for table `tbl_tagihan`
--
ALTER TABLE `tbl_tagihan`
  ADD PRIMARY KEY (`id_tagihan`) USING BTREE;

--
-- Indexes for table `tbl_waktu`
--
ALTER TABLE `tbl_waktu`
  ADD PRIMARY KEY (`kd_waktu`) USING BTREE;

--
-- Indexes for table `users`
--
ALTER TABLE `users`
  ADD PRIMARY KEY (`id`) USING BTREE;

--
-- Indexes for table `users_groups`
--
ALTER TABLE `users_groups`
  ADD PRIMARY KEY (`id`) USING BTREE,
  ADD UNIQUE KEY `uc_users_groups` (`user_id`,`group_id`) USING BTREE,
  ADD KEY `fk_users_groups_users1_idx` (`user_id`) USING BTREE,
  ADD KEY `fk_users_groups_groups1_idx` (`group_id`) USING BTREE;

--
-- AUTO_INCREMENT for dumped tables
--

--
-- AUTO_INCREMENT for table `akademik_konsentrasi`
--
ALTER TABLE `akademik_konsentrasi`
  MODIFY `konsentrasi_id` int(11) NOT NULL AUTO_INCREMENT, AUTO_INCREMENT=27;

--
-- AUTO_INCREMENT for table `akademik_krs`
--
ALTER TABLE `akademik_krs`
  MODIFY `krs_id` int(11) NOT NULL AUTO_INCREMENT, AUTO_INCREMENT=162;

--
-- AUTO_INCREMENT for table `akademik_prodi`
--
ALTER TABLE `akademik_prodi`
  MODIFY `prodi_id` int(11) NOT NULL AUTO_INCREMENT, AUTO_INCREMENT=23;

--
-- AUTO_INCREMENT for table `akademik_registrasi`
--
ALTER TABLE `akademik_registrasi`
  MODIFY `registrasi_id` int(11) NOT NULL AUTO_INCREMENT, AUTO_INCREMENT=26;

--
-- AUTO_INCREMENT for table `akademik_tahun_akademik`
--
ALTER TABLE `akademik_tahun_akademik`
  MODIFY `tahun_akademik_id` int(11) NOT NULL AUTO_INCREMENT, AUTO_INCREMENT=7;

--
-- AUTO_INCREMENT for table `akademik_waktu_kuliah`
--
ALTER TABLE `akademik_waktu_kuliah`
  MODIFY `waktu_id` int(11) NOT NULL AUTO_INCREMENT;

--
-- AUTO_INCREMENT for table `app_dosen`
--
ALTER TABLE `app_dosen`
  MODIFY `dosen_id` int(11) NOT NULL AUTO_INCREMENT, AUTO_INCREMENT=23;

--
-- AUTO_INCREMENT for table `app_gedung`
--
ALTER TABLE `app_gedung`
  MODIFY `gedung_id` int(11) NOT NULL AUTO_INCREMENT, AUTO_INCREMENT=4;

--
-- AUTO_INCREMENT for table `app_ruangan`
--
ALTER TABLE `app_ruangan`
  MODIFY `ruangan_id` int(11) NOT NULL AUTO_INCREMENT, AUTO_INCREMENT=29;

--
-- AUTO_INCREMENT for table `app_users`
--
ALTER TABLE `app_users`
  MODIFY `id_users` int(11) NOT NULL AUTO_INCREMENT, AUTO_INCREMENT=11;

--
-- AUTO_INCREMENT for table `data_frontoffice`
--
ALTER TABLE `data_frontoffice`
  MODIFY `id` int(11) NOT NULL AUTO_INCREMENT, AUTO_INCREMENT=15;

--
-- AUTO_INCREMENT for table `faq`
--
ALTER TABLE `faq`
  MODIFY `id` int(11) NOT NULL AUTO_INCREMENT, AUTO_INCREMENT=5;

--
-- AUTO_INCREMENT for table `groups`
--
ALTER TABLE `groups`
  MODIFY `id` mediumint(8) UNSIGNED NOT NULL AUTO_INCREMENT, AUTO_INCREMENT=5;

--
-- AUTO_INCREMENT for table `inbox`
--
ALTER TABLE `inbox`
  MODIFY `ID` int(10) UNSIGNED NOT NULL AUTO_INCREMENT;

--
-- AUTO_INCREMENT for table `keuangan_biaya_kuliah`
--
ALTER TABLE `keuangan_biaya_kuliah`
  MODIFY `biaya_kuliah_id` int(11) NOT NULL AUTO_INCREMENT, AUTO_INCREMENT=1151;

--
-- AUTO_INCREMENT for table `keuangan_jenis_bayar`
--
ALTER TABLE `keuangan_jenis_bayar`
  MODIFY `jenis_bayar_id` int(11) NOT NULL AUTO_INCREMENT, AUTO_INCREMENT=7;

--
-- AUTO_INCREMENT for table `keuangan_pembayaran`
--
ALTER TABLE `keuangan_pembayaran`
  MODIFY `pembayaran_id` int(11) NOT NULL AUTO_INCREMENT;

--
-- AUTO_INCREMENT for table `keuangan_pembayaran_detail`
--
ALTER TABLE `keuangan_pembayaran_detail`
  MODIFY `pembayara_detail_id` int(11) NOT NULL AUTO_INCREMENT, AUTO_INCREMENT=50;

--
-- AUTO_INCREMENT for table `login_attempts`
--
ALTER TABLE `login_attempts`
  MODIFY `id` int(11) UNSIGNED NOT NULL AUTO_INCREMENT;

--
-- AUTO_INCREMENT for table `mainmenu`
--
ALTER TABLE `mainmenu`
  MODIFY `id_mainmenu` int(11) NOT NULL AUTO_INCREMENT, AUTO_INCREMENT=46;

--
-- AUTO_INCREMENT for table `makul_kelompok`
--
ALTER TABLE `makul_kelompok`
  MODIFY `kelompok_id` int(11) NOT NULL AUTO_INCREMENT, AUTO_INCREMENT=6;

--
-- AUTO_INCREMENT for table `makul_matakuliah`
--
ALTER TABLE `makul_matakuliah`
  MODIFY `makul_id` int(11) NOT NULL AUTO_INCREMENT, AUTO_INCREMENT=50;

--
-- AUTO_INCREMENT for table `outbox`
--
ALTER TABLE `outbox`
  MODIFY `ID` int(10) UNSIGNED NOT NULL AUTO_INCREMENT, AUTO_INCREMENT=51;

--
-- AUTO_INCREMENT for table `pbk`
--
ALTER TABLE `pbk`
  MODIFY `ID` int(11) NOT NULL AUTO_INCREMENT;

--
-- AUTO_INCREMENT for table `pbk_groups`
--
ALTER TABLE `pbk_groups`
  MODIFY `ID` int(11) NOT NULL AUTO_INCREMENT;

--
-- AUTO_INCREMENT for table `student_angkatan`
--
ALTER TABLE `student_angkatan`
  MODIFY `angkatan_id` int(11) NOT NULL AUTO_INCREMENT, AUTO_INCREMENT=4;

--
-- AUTO_INCREMENT for table `student_mahasiswa`
--
ALTER TABLE `student_mahasiswa`
  MODIFY `mahasiswa_id` int(11) NOT NULL AUTO_INCREMENT, AUTO_INCREMENT=22;

--
-- AUTO_INCREMENT for table `submenu`
--
ALTER TABLE `submenu`
  MODIFY `id_submenu` int(11) NOT NULL AUTO_INCREMENT, AUTO_INCREMENT=94;

--
-- AUTO_INCREMENT for table `tbl_komentar`
--
ALTER TABLE `tbl_komentar`
  MODIFY `id_komentar` int(11) NOT NULL AUTO_INCREMENT, AUTO_INCREMENT=24;

--
-- AUTO_INCREMENT for table `tbl_konfirmasi_bayar`
--
ALTER TABLE `tbl_konfirmasi_bayar`
  MODIFY `id_konfirmasi_bayar` int(11) NOT NULL AUTO_INCREMENT, AUTO_INCREMENT=50;

--
-- AUTO_INCREMENT for table `tbl_m_pelatihan`
--
ALTER TABLE `tbl_m_pelatihan`
  MODIFY `kd_m_pelatihan` int(11) UNSIGNED NOT NULL AUTO_INCREMENT;

--
-- AUTO_INCREMENT for table `tbl_notif`
--
ALTER TABLE `tbl_notif`
  MODIFY `id_notif` int(11) NOT NULL AUTO_INCREMENT, AUTO_INCREMENT=100;

--
-- AUTO_INCREMENT for table `tbl_notif_admin`
--
ALTER TABLE `tbl_notif_admin`
  MODIFY `id_notif_admin` int(11) NOT NULL AUTO_INCREMENT, AUTO_INCREMENT=17;

--
-- AUTO_INCREMENT for table `tbl_pelatihan_master`
--
ALTER TABLE `tbl_pelatihan_master`
  MODIFY `id_m_pelatihan` int(11) NOT NULL AUTO_INCREMENT, AUTO_INCREMENT=60;

--
-- AUTO_INCREMENT for table `tbl_pelatihan_nama`
--
ALTER TABLE `tbl_pelatihan_nama`
  MODIFY `id_nama_pelatihan` int(11) NOT NULL AUTO_INCREMENT, AUTO_INCREMENT=19;

--
-- AUTO_INCREMENT for table `tbl_peserta_akun`
--
ALTER TABLE `tbl_peserta_akun`
  MODIFY `id_akun_peserta` int(11) NOT NULL AUTO_INCREMENT, AUTO_INCREMENT=136;

--
-- AUTO_INCREMENT for table `tbl_peserta_daftar`
--
ALTER TABLE `tbl_peserta_daftar`
  MODIFY `id_peserta_daftar` int(11) NOT NULL AUTO_INCREMENT, AUTO_INCREMENT=71;

--
-- AUTO_INCREMENT for table `users`
--
ALTER TABLE `users`
  MODIFY `id` int(11) UNSIGNED NOT NULL AUTO_INCREMENT, AUTO_INCREMENT=40;

--
-- AUTO_INCREMENT for table `users_groups`
--
ALTER TABLE `users_groups`
  MODIFY `id` int(11) UNSIGNED NOT NULL AUTO_INCREMENT, AUTO_INCREMENT=46;

--
-- Constraints for dumped tables
--

--
-- Constraints for table `users_groups`
--
ALTER TABLE `users_groups`
  ADD CONSTRAINT `fk_users_groups_groups1` FOREIGN KEY (`group_id`) REFERENCES `groups` (`id`) ON DELETE CASCADE ON UPDATE NO ACTION,
  ADD CONSTRAINT `fk_users_groups_users1` FOREIGN KEY (`user_id`) REFERENCES `users` (`id`) ON DELETE CASCADE ON UPDATE NO ACTION;
COMMIT;

/*!40101 SET CHARACTER_SET_CLIENT=@OLD_CHARACTER_SET_CLIENT */;
/*!40101 SET CHARACTER_SET_RESULTS=@OLD_CHARACTER_SET_RESULTS */;
/*!40101 SET COLLATION_CONNECTION=@OLD_COLLATION_CONNECTION */;
